y_valid,y_proba,y_pred
0,0.903028,1
0,0.42724323,1
1,0.99336,1
0,0.5429324,1
0,0.054721307,0
0,0.07955416,0
0,0.7650398,1
0,0.22133026,0
0,0.36693367,1
0,0.8969814,1
1,0.906006,1
0,0.17670178,0
0,0.97145116,1
0,0.8717371,1
0,0.65062875,1
0,0.8398818,1
0,0.93068403,1
0,0.9470023,1
0,0.76919264,1
0,0.017434224,0
0,0.023134172,0
0,0.03382336,0
0,0.63724667,1
0,0.014812841,0
0,0.53453803,1
0,0.9540866,1
0,0.9052896,1
0,0.7140115,1
0,0.9614723,1
0,0.59899163,1
0,0.5265538,1
0,0.93685365,1
0,0.07748617,0
0,0.6279971,1
0,0.41878372,1
0,0.45146927,1
0,0.966516,1
0,0.95697147,1
0,0.34597567,1
1,0.9539834,1
0,0.8355408,1
0,0.90588194,1
0,0.36917648,1
0,0.8809803,1
0,0.9122862,1
0,0.8027488,1
0,0.018212767,0
0,0.09807652,0
1,0.99395955,1
0,0.19784321,0
0,0.95330954,1
0,0.9908503,1
0,0.78080297,1
0,0.58218837,1
0,0.97037864,1
0,0.91489017,1
0,0.11331848,0
0,0.94360393,1
0,0.46273795,1
0,0.3316374,1
0,0.018596977,0
1,0.6795113,1
0,0.9432188,1
0,0.977849,1
0,0.990538,1
0,0.97502476,1
0,0.9421565,1
0,0.4127378,1
0,0.98025984,1
0,0.90574306,1
1,0.90700823,1
0,0.75659585,1
0,0.045912605,0
0,0.8407325,1
0,0.7785854,1
0,0.86703295,1
0,0.875211,1
0,0.7921372,1
0,0.97103405,1
0,0.106465384,0
0,0.6490967,1
0,0.9032668,1
1,0.8371578,1
0,0.69392407,1
1,0.9247854,1
0,0.9598435,1
0,0.617042,1
0,0.9223654,1
0,0.97365576,1
0,0.8852416,1
0,0.16821958,0
0,0.5674743,1
1,0.98709726,1
0,0.85631645,1
0,0.7257712,1
0,0.9018025,1
0,0.413238,1
0,0.84536487,1
0,0.9828159,1
1,0.95977443,1
1,0.9490541,1
0,0.01210725,0
0,0.68312573,1
0,0.918813,1
0,0.8418742,1
0,0.8832541,1
0,0.18684411,0
0,0.50216836,1
0,0.92205435,1
0,0.892077,1
0,0.9830148,1
0,0.97550464,1
0,0.9499809,1
0,0.8938638,1
0,0.92701244,1
0,0.9839288,1
0,0.9494249,1
0,0.21590093,0
0,0.15224138,0
0,0.87144417,1
0,0.9107308,1
0,0.65616196,1
0,0.74042517,1
0,0.86492455,1
0,0.07200887,0
0,0.9233752,1
0,0.97992754,1
0,0.7286522,1
0,0.7843669,1
0,0.89087784,1
0,0.87858063,1
0,0.018179331,0
0,0.5531958,1
0,0.9452594,1
0,0.73823744,1
0,0.9766897,1
0,0.95276576,1
0,0.4159852,1
0,0.25710562,1
1,0.98247844,1
0,0.9138628,1
0,0.00059957185,0
0,0.97205377,1
0,0.7374544,1
0,0.91991466,1
0,0.33426014,1
0,0.9230703,1
0,0.30076304,1
0,0.02719474,0
0,0.98473245,1
0,0.9595996,1
0,0.32487342,1
0,0.7434528,1
0,0.046349682,0
0,0.39903742,1
0,0.035012186,0
0,0.8747009,1
0,0.98366296,1
0,0.5036125,1
0,0.8701715,1
0,0.58363175,1
0,0.9129093,1
0,0.9681856,1
0,0.83009654,1
0,0.9835632,1
0,0.10220243,0
0,0.9517426,1
0,0.2690872,1
0,0.5883876,1
0,0.934235,1
0,0.84274787,1
0,0.9816182,1
1,0.934269,1
1,0.50545835,1
0,0.48688242,1
0,0.8593445,1
0,0.9380985,1
0,0.8247618,1
0,0.12173476,0
0,0.011956027,0
0,0.47997695,1
0,0.954061,1
0,0.8715953,1
0,0.7844885,1
0,0.9757119,1
0,0.6887451,1
0,0.9308226,1
0,0.47623906,1
1,0.30506608,1
0,0.02740938,0
0,0.9649173,1
0,0.012375547,0
1,0.95490605,1
0,0.011756101,0
0,0.7391443,1
0,0.16473445,0
0,0.9600497,1
0,0.9575762,1
0,0.26843598,1
0,0.02717039,0
0,0.04793911,0
0,0.87576574,1
0,0.93407863,1
0,0.048527986,0
0,0.9091351,1
0,0.95815885,1
0,0.87891334,1
0,0.7053828,1
0,0.2459906,0
0,0.8747051,1
0,0.89766675,1
0,0.96973395,1
0,0.98895544,1
0,0.3703339,1
0,0.07749662,0
0,0.4351475,1
0,0.98963284,1
0,0.2901769,1
0,0.25600097,1
0,0.61927575,1
0,0.3725096,1
0,0.6598206,1
0,0.68897563,1
0,0.6022867,1
0,0.52897584,1
0,0.80001783,1
0,0.15799892,0
0,0.22434346,0
0,0.52624595,1
0,0.89040273,1
1,0.98181367,1
0,0.5348351,1
0,0.12446112,0
0,0.047680985,0
0,0.9242057,1
0,0.19663084,0
0,0.76179504,1
0,0.61277217,1
0,0.97495985,1
0,0.7403979,1
0,0.97124857,1
0,0.97819126,1
0,0.36298984,1
0,0.519376,1
0,0.9317781,1
0,0.9017431,1
1,0.9828234,1
0,0.39619622,1
0,0.84330434,1
0,0.8862802,1
0,0.89112586,1
0,0.83440804,1
0,0.79428434,1
0,0.9039787,1
0,0.98164785,1
0,0.76890117,1
0,0.80096006,1
1,0.78613305,1
0,0.92803955,1
0,0.40956387,1
0,0.9063163,1
0,0.9201966,1
0,0.95218956,1
0,0.6801257,1
0,0.9806449,1
0,0.95377344,1
0,0.16731624,0
0,0.6156488,1
0,0.8484713,1
1,0.8075245,1
0,0.949757,1
0,0.97480667,1
0,0.8052047,1
0,0.4414174,1
0,0.448753,1
0,0.6086717,1
0,0.03209245,0
1,0.024836808,0
0,0.07530885,0
0,0.90340775,1
0,0.8988617,1
0,0.5723354,1
0,0.9137379,1
0,0.92466396,1
0,0.9867312,1
0,0.8395363,1
0,0.36709857,1
0,0.75673276,1
0,0.98740005,1
0,0.95409757,1
0,0.9900131,1
0,0.85261846,1
0,0.0989407,0
0,0.9709027,1
0,0.85008633,1
1,0.9114349,1
0,0.88034457,1
0,0.35780287,1
0,0.941518,1
0,0.17295633,0
0,0.7940911,1
0,0.92229056,1
0,0.031159589,0
0,0.22797881,0
0,0.036660027,0
0,0.87906724,1
1,0.9054773,1
0,0.5553312,1
0,0.95764095,1
0,0.9340193,1
0,0.7837307,1
0,0.7198501,1
0,0.9467074,1
0,0.93511486,1
0,0.8650441,1
0,0.9748394,1
0,0.34180424,1
0,0.05539186,0
1,0.81757635,1
0,0.7149268,1
0,0.65105695,1
0,0.8543514,1
0,0.784348,1
0,0.55845,1
0,0.94495136,1
0,0.9775745,1
0,0.9478985,1
0,0.76042765,1
0,0.76482683,1
0,0.7502916,1
0,0.07115105,0
0,0.9097217,1
0,0.945613,1
0,0.9637064,1
0,0.0383342,0
0,0.6392843,1
0,0.75893074,1
0,0.9430434,1
0,0.88944185,1
1,0.95302933,1
0,0.81136566,1
0,0.80792767,1
0,0.882164,1
0,0.97812897,1
0,0.84962296,1
0,0.40590677,1
0,0.91376615,1
0,0.29164895,1
0,0.87083,1
0,0.93936676,1
0,0.46710896,1
0,0.9820546,1
0,0.04896677,0
1,0.7582784,1
0,0.9920657,1
0,0.9874698,1
1,0.95682335,1
0,0.79366595,1
0,0.98581076,1
0,0.89505917,1
0,0.4600889,1
0,0.6082049,1
0,0.8751219,1
0,0.23901552,0
0,0.0011827524,0
0,0.73494565,1
0,0.014186984,0
0,0.9778055,1
1,0.9817364,1
0,0.81767374,1
0,0.4797619,1
0,0.98946023,1
0,0.41033795,1
0,0.9163986,1
0,0.12729397,0
0,0.6484586,1
0,0.7922267,1
1,0.48967347,1
1,0.37701476,1
1,0.98134434,1
0,0.29694206,1
0,0.9595962,1
0,0.95991015,1
0,0.7466586,1
0,0.88971233,1
0,0.9648565,1
0,0.90308094,1
0,0.92120624,1
0,0.93783903,1
0,0.9635871,1
0,0.21707612,0
0,0.18185472,0
0,0.53645366,1
0,0.52077883,1
0,0.9359951,1
0,0.099257424,0
0,0.52671707,1
0,0.86591125,1
0,0.14546691,0
0,0.32264787,1
0,0.1445828,0
0,0.90987206,1
0,0.87938255,1
0,0.8583326,1
0,0.87163526,1
0,0.43831462,1
0,0.93293893,1
0,0.9920779,1
0,0.8887452,1
1,0.7444548,1
0,0.9817857,1
0,0.014678393,0
0,0.4967621,1
0,0.52018505,1
0,0.8523374,1
0,0.7605197,1
0,0.009668381,0
0,0.8673715,1
0,0.8853868,1
0,0.9498654,1
1,0.98065656,1
0,0.88980395,1
0,0.060346782,0
0,0.9781001,1
0,0.048839588,0
0,0.67241997,1
0,0.08664971,0
0,0.32534268,1
0,0.986264,1
0,0.21373843,0
0,0.5932572,1
0,0.8544799,1
1,0.9197529,1
0,0.7938875,1
0,0.53496915,1
0,0.96913034,1
0,0.681738,1
0,0.7368184,1
0,0.9235181,1
0,0.8624669,1
1,0.9404426,1
0,0.9146059,1
0,0.816575,1
0,0.9837773,1
0,0.9408453,1
0,0.9166279,1
0,0.9434856,1
0,0.6713294,1
0,0.93795544,1
0,0.8739701,1
0,0.94343776,1
0,0.31549904,1
0,0.08368375,0
0,0.4689969,1
0,0.90635294,1
0,0.8249621,1
0,0.21176825,0
0,0.12537894,0
0,0.036533978,0
0,0.9975418,1
0,0.9444398,1
0,0.94239664,1
0,0.017236162,0
0,0.893717,1
0,0.2564212,1
0,0.33127397,1
0,0.92756087,1
0,0.4245945,1
0,0.1384715,0
0,0.93982655,1
1,0.96478045,1
0,0.91791093,1
1,0.98457956,1
0,0.07581333,0
1,0.79065186,1
0,0.34543052,1
0,0.22153114,0
0,0.89655614,1
1,0.5887292,1
0,0.00619343,0
0,0.78530854,1
0,0.20180418,0
0,0.9087475,1
0,0.095661364,0
0,0.9850973,1
0,0.91170967,1
0,0.9405618,1
0,0.9094882,1
0,0.82260245,1
0,0.56346726,1
0,0.97083664,1
1,0.74173623,1
0,0.871953,1
0,0.8692018,1
0,0.044719,0
0,0.56266034,1
0,0.58228517,1
0,0.9896548,1
0,0.5256595,1
0,0.90211475,1
0,0.9104077,1
0,0.19522685,0
0,0.3616132,1
0,0.96192694,1
0,0.463963,1
0,0.9808686,1
0,0.03334092,0
0,0.035287697,0
1,0.98616517,1
0,0.9708364,1
0,0.50594467,1
0,0.92731905,1
0,0.98019993,1
0,0.9690508,1
0,0.91902155,1
0,0.063439034,0
0,0.94447535,1
0,0.7146543,1
0,0.8993515,1
0,0.83307046,1
1,0.9789919,1
0,0.78591937,1
0,0.32851043,1
0,0.96952283,1
0,0.7808877,1
0,0.28644603,1
0,0.104696356,0
0,0.9616906,1
0,0.56930363,1
0,0.9303327,1
0,0.44563073,1
0,0.13273478,0
0,0.5020745,1
0,0.05368025,0
0,0.87378794,1
0,0.4787386,1
0,0.94904643,1
0,0.8970954,1
0,0.87347984,1
0,0.92022204,1
0,0.4635477,1
0,0.12972653,0
0,0.91837037,1
0,0.7840525,1
0,0.98129886,1
0,0.23370378,0
0,0.605905,1
0,0.020528441,0
0,0.6298762,1
0,0.9708756,1
1,0.11233841,0
0,0.13315532,0
0,0.10202937,0
1,0.93262196,1
0,0.98479825,1
0,0.4311292,1
0,0.7625046,1
0,0.35725838,1
0,0.8936843,1
0,0.8879918,1
0,0.09165519,0
0,0.76312,1
1,0.7335815,1
0,0.7780963,1
0,0.90005946,1
0,0.9548156,1
0,0.3904326,1
0,0.7737903,1
0,0.98759764,1
0,0.96294403,1
0,0.25428265,1
0,0.9111979,1
0,0.98368406,1
0,0.7603894,1
0,0.8902133,1
0,0.36566105,1
0,0.23221976,0
0,0.9795648,1
0,0.87626123,1
0,0.876741,1
0,0.95353025,1
0,0.98078454,1
0,0.824812,1
0,0.7654374,1
0,0.9545077,1
0,0.6566423,1
0,0.8892034,1
0,0.7925928,1
0,0.82604796,1
0,0.13549612,0
0,0.9647293,1
1,0.9881301,1
0,0.6744045,1
1,0.94616085,1
0,0.25248414,1
0,0.9429158,1
0,0.9023418,1
0,0.6784503,1
0,0.9653167,1
0,0.33676085,1
1,0.08382319,0
0,0.6419042,1
0,0.024332715,0
0,0.98796266,1
0,0.9732212,1
0,0.24693625,0
0,0.93360305,1
0,0.7677266,1
0,0.9939004,1
0,0.98433346,1
0,0.9116809,1
1,0.9683841,1
0,0.90433794,1
0,0.40382782,1
0,0.6498656,1
0,0.7890461,1
0,0.6652485,1
1,0.9129305,1
0,0.5356248,1
0,0.3931409,1
0,0.9350025,1
0,0.9469183,1
0,0.73727673,1
0,0.5134809,1
0,0.86382073,1
0,0.9802391,1
0,0.8267764,1
0,0.46031898,1
0,0.08020919,0
0,0.5114366,1
0,0.029982436,0
0,0.9029532,1
0,0.9809039,1
0,0.4987292,1
0,0.25527903,1
0,0.8704709,1
0,0.90259063,1
1,0.18515913,0
0,0.79237336,1
0,0.9672596,1
0,0.8916655,1
0,0.9510837,1
0,0.019056043,0
0,0.074405804,0
0,0.9690664,1
0,0.87813926,1
0,0.2206832,0
0,0.74300563,1
0,0.9506523,1
0,0.39862055,1
0,0.005598761,0
0,0.19145484,0
0,0.14505842,0
0,0.9734611,1
0,0.26677832,1
0,0.6265368,1
0,0.8888188,1
0,0.93998694,1
0,0.902506,1
0,0.18470368,0
1,0.65747845,1
0,0.62406516,1
1,0.045974184,0
1,0.8399923,1
0,0.8019928,1
0,0.56361014,1
0,0.9740139,1
0,0.935839,1
0,0.9414609,1
0,0.8873454,1
0,0.988493,1
0,0.09878642,0
0,0.9036889,1
0,0.79861057,1
0,0.6956376,1
0,0.8856977,1
0,0.5630762,1
0,0.111692175,0
0,0.43469357,1
0,0.9084247,1
1,0.8311429,1
0,0.4083355,1
0,0.2983684,1
0,0.5885577,1
0,0.9343253,1
0,0.8774153,1
0,0.90622747,1
0,0.81761795,1
0,0.72720784,1
0,0.9056914,1
0,0.6283932,1
0,0.98531175,1
0,0.8596511,1
0,0.97162795,1
0,0.9839968,1
0,0.7097103,1
0,0.9670322,1
0,0.9619254,1
0,0.5396106,1
0,0.9684912,1
0,0.8252095,1
0,0.5973474,1
0,0.5222905,1
0,0.9554187,1
0,0.95239365,1
0,0.9695014,1
1,0.27687743,1
0,0.19931653,0
0,0.9414732,1
0,0.9718711,1
1,0.94487566,1
0,0.64142543,1
0,0.29170144,1
0,0.9604089,1
0,0.9700282,1
0,0.4957301,1
0,0.15652893,0
0,0.82224584,1
0,0.046787836,0
0,0.8893043,1
0,0.9462443,1
0,0.14055054,0
0,0.9900829,1
0,0.7351401,1
0,0.92929864,1
0,0.85048085,1
1,0.2264966,0
0,0.29526758,1
0,0.6337505,1
0,0.3306579,1
0,0.32593086,1
0,0.76657337,1
1,0.91107655,1
0,0.5008768,1
0,0.97125745,1
0,0.21081315,0
0,0.9744992,1
0,0.13294698,0
0,0.951431,1
0,0.01184713,0
0,0.92601126,1
0,0.97443265,1
0,0.6452779,1
0,0.9587014,1
0,0.86710566,1
0,0.52981097,1
0,0.45188117,1
0,0.46031088,1
0,0.9750103,1
0,0.12158508,0
0,0.9863811,1
0,0.38367453,1
0,0.6957994,1
0,0.93958235,1
0,0.7597138,1
0,0.6736056,1
0,0.9572165,1
0,0.6071155,1
0,0.9427292,1
0,0.9494922,1
0,0.45738584,1
0,0.8860167,1
0,0.72343326,1
0,0.97448325,1
0,0.76453584,1
0,0.30008242,1
0,0.8601345,1
0,0.79507095,1
0,0.901445,1
1,0.92935336,1
0,0.88988835,1
0,0.2095072,0
0,0.93490416,1
0,0.9616352,1
0,0.743002,1
0,0.45292932,1
0,0.92454606,1
0,0.940711,1
0,0.951868,1
0,0.97210205,1
0,0.9329042,1
1,0.20068607,0
0,0.9625677,1
0,0.8671927,1
0,0.93076295,1
0,0.9685609,1
0,0.9646176,1
0,0.99111485,1
0,0.9856511,1
0,0.12206388,0
0,0.8517679,1
0,0.009310276,0
0,0.9630426,1
0,0.3638576,1
0,0.8251551,1
1,0.90746516,1
1,0.14148656,0
0,0.8889535,1
0,0.7396216,1
0,0.25142932,1
0,0.91726756,1
0,0.8228047,1
0,0.27167276,1
0,0.1348753,0
0,0.111772306,0
0,0.9532812,1
0,0.087197274,0
0,0.89696467,1
0,0.6402516,1
0,0.17379789,0
0,0.8938308,1
0,0.007828716,0
0,0.9308275,1
0,0.6866321,1
0,0.8733243,1
0,0.6911136,1
1,0.9942584,1
0,0.16575336,0
0,0.9836963,1
0,0.558157,1
0,0.28273317,1
0,0.92304885,1
0,0.21509305,0
0,0.158817,0
0,0.91856337,1
0,0.96560806,1
0,0.5913896,1
0,0.8713239,1
0,0.8053595,1
0,0.98402345,1
0,0.89886093,1
1,0.9834969,1
0,0.9545209,1
0,0.007330131,0
0,0.943839,1
0,0.96314836,1
0,0.96933866,1
1,0.9222123,1
0,0.7240634,1
0,0.9630494,1
0,0.9754976,1
0,0.7920515,1
0,0.40823734,1
0,0.6904918,1
0,0.8337693,1
0,0.43642116,1
0,0.018905802,0
1,0.8279478,1
0,0.8406917,1
0,0.9527777,1
0,0.97387546,1
0,0.955031,1
0,0.92053187,1
0,0.9740471,1
0,0.58023846,1
0,0.25920966,1
0,0.626057,1
0,0.8136183,1
0,0.05982978,0
0,0.10859767,0
0,0.7134801,1
0,0.98058164,1
1,0.9391582,1
0,0.9120163,1
0,0.9734977,1
0,0.5941326,1
0,0.27734384,1
0,0.061130088,0
0,0.94586086,1
0,0.6485479,1
0,0.04609643,0
0,0.8051426,1
0,0.99392843,1
0,0.91023666,1
0,0.20518757,0
0,0.9518315,1
0,0.95392734,1
0,0.42848396,1
0,0.954893,1
0,0.41912645,1
0,0.923399,1
0,0.62073106,1
0,0.8785962,1
0,0.90824825,1
0,0.0041110674,0
0,0.9137865,1
0,0.9865702,1
0,0.8166173,1
0,0.14686576,0
0,0.003070304,0
0,0.9014627,1
0,0.8841505,1
0,0.9343635,1
0,0.8076755,1
0,0.8060905,1
0,0.8649377,1
0,0.08478579,0
0,0.03469139,0
0,0.9540343,1
0,0.88834924,1
0,0.909806,1
1,0.9328829,1
0,0.14451812,0
0,0.34745872,1
0,0.8800328,1
0,0.30352294,1
0,0.021614123,0
0,0.95582324,1
0,0.85926145,1
0,0.023761578,0
0,0.8495321,1
0,0.8318531,1
0,0.8683354,1
0,0.8559434,1
0,0.95485336,1
1,0.99269485,1
1,0.9143818,1
0,0.60278654,1
0,0.96328926,1
1,0.6563162,1
0,0.7346777,1
0,0.9016259,1
0,0.7061675,1
0,0.088812456,0
0,0.6444564,1
1,0.95523435,1
0,0.9166026,1
0,0.81231564,1
0,0.9670358,1
0,0.8569459,1
0,0.78456616,1
0,0.23647924,0
0,0.34007922,1
0,0.96629524,1
1,0.66702455,1
0,0.67560244,1
0,0.0970696,0
0,0.87992734,1
0,0.9133024,1
0,0.9805578,1
0,0.96015906,1
0,0.5851085,1
0,0.9667017,1
0,0.8163994,1
0,0.93850213,1
0,0.014398967,0
0,0.91995007,1
0,0.8942472,1
0,0.20486374,0
0,0.030452028,0
0,0.13308556,0
0,0.93911606,1
0,0.9433654,1
0,0.61122257,1
1,0.20944816,0
0,0.9644313,1
0,0.8506679,1
0,0.47890383,1
0,0.93799967,1
0,0.7307446,1
0,0.6320453,1
0,0.6918856,1
0,0.47975948,1
0,0.97374886,1
0,0.017725246,0
0,0.9914676,1
0,0.6047618,1
0,0.061260678,0
0,0.9826461,1
0,0.24722706,0
0,0.6728033,1
1,0.9514121,1
0,0.5588625,1
0,0.47519317,1
0,0.22956209,0
0,0.99344605,1
0,0.865229,1
0,0.60692436,1
0,0.91934794,1
0,0.13162369,0
0,0.41529918,1
0,0.075010926,0
0,0.8775159,1
0,0.20698895,0
0,0.89725024,1
0,0.79106295,1
0,0.6106619,1
0,0.030962521,0
0,0.97261375,1
0,0.5932794,1
0,0.8486128,1
0,0.942392,1
0,0.47633338,1
0,0.9690452,1
0,0.99288756,1
0,0.08142323,0
0,0.07085892,0
0,0.7840814,1
0,0.9811513,1
0,0.32863235,1
0,0.9287655,1
0,0.9807966,1
0,0.93718123,1
0,0.073500074,0
0,0.08694574,0
0,0.15387487,0
0,0.86463916,1
0,0.5843112,1
0,0.78520507,1
0,0.93983203,1
0,0.8579144,1
0,0.94465995,1
0,0.9309945,1
0,0.97236234,1
0,0.7350148,1
0,0.036572207,0
0,0.86561173,1
1,0.9778144,1
0,0.3288059,1
1,0.8288824,1
0,0.97333187,1
0,0.9196701,1
0,0.95704484,1
0,0.15284728,0
0,0.25962886,1
0,0.98693764,1
0,0.95071226,1
0,0.86047316,1
0,0.93127936,1
0,0.90548533,1
0,0.9766208,1
0,0.89957,1
0,0.9229849,1
0,0.967157,1
0,0.9500826,1
0,0.26233697,1
0,0.9894916,1
0,0.19873512,0
1,0.9673301,1
0,0.8269756,1
0,0.3263825,1
0,0.11057815,0
1,0.9800878,1
0,0.016665164,0
0,0.6334597,1
0,0.76543784,1
0,0.7541345,1
0,0.950879,1
0,0.1614847,0
0,0.9781571,1
0,0.0013288973,0
0,0.057605248,0
0,0.89339095,1
0,0.958609,1
0,0.24031593,0
1,0.9559799,1
0,0.7291192,1
1,0.98230064,1
0,0.97320366,1
0,0.16037112,0
0,0.25235882,1
1,0.83097386,1
0,0.9000609,1
0,0.65587455,1
0,0.28225425,1
0,0.88598603,1
0,0.32861304,1
0,0.96091044,1
0,0.9568492,1
0,0.97154826,1
0,0.049679894,0
0,0.8728071,1
0,0.18145117,0
0,0.031850383,0
0,0.92180824,1
0,0.933327,1
0,0.69944495,1
0,0.829654,1
0,0.2141482,0
0,0.91217387,1
0,0.021423636,0
0,0.0038894005,0
0,0.9202763,1
0,0.027745696,0
0,0.92539585,1
0,0.67131734,1
0,0.13826852,0
0,0.8550816,1
0,0.911846,1
0,0.9364318,1
0,0.1911059,0
0,0.12162025,0
0,0.9513291,1
0,0.7902189,1
0,0.87588435,1
0,0.9457802,1
0,0.9363164,1
0,0.01225511,0
0,0.94232655,1
0,0.97350556,1
0,0.91937065,1
0,0.9581086,1
0,0.1266041,0
0,0.98342055,1
0,0.9478095,1
0,0.9450317,1
0,0.79924387,1
0,0.9295955,1
0,0.63714194,1
0,0.8871536,1
0,0.7188477,1
0,0.9427357,1
0,0.96105236,1
0,0.91589886,1
0,0.98818946,1
0,0.9336983,1
0,0.9500968,1
0,0.8842536,1
0,0.28435323,1
0,0.8763618,1
0,0.15694404,0
0,0.97291833,1
0,0.9564719,1
0,0.62153786,1
0,0.19267686,0
0,0.5502496,1
0,0.17133902,0
0,0.18199657,0
0,0.85462713,1
0,0.9603127,1
0,0.42699078,1
0,0.1090319,0
0,0.9370507,1
0,0.9648666,1
0,0.21711102,0
0,0.15636213,0
0,0.90999115,1
0,0.5889911,1
0,0.3579397,1
0,0.9675556,1
0,0.9664835,1
0,0.8719304,1
0,0.971264,1
0,0.25638175,1
0,0.982732,1
1,0.7486251,1
0,0.6403015,1
0,0.97897756,1
0,0.22876571,0
0,0.87609005,1
0,0.9305201,1
1,0.86803323,1
0,0.63698226,1
0,0.83071834,1
0,0.3463629,1
0,0.87047523,1
0,0.771646,1
0,0.8476968,1
0,0.9141021,1
0,0.26182878,1
0,0.94535357,1
0,0.57212114,1
0,0.957939,1
0,0.4462075,1
0,0.7566422,1
0,0.44086328,1
0,0.8435685,1
0,0.97176594,1
0,0.00078928476,0
0,0.088358,0
0,0.8853024,1
0,0.8597435,1
0,0.58869565,1
0,0.9005926,1
0,0.18382433,0
0,0.5345266,1
0,0.45762372,1
0,0.91438586,1
0,0.9169908,1
0,0.82860845,1
0,0.9236588,1
0,0.9825251,1
0,0.8691491,1
0,0.9484671,1
0,0.067267574,0
0,0.65052783,1
0,0.98297703,1
1,0.97611994,1
0,0.0705889,0
0,0.37753198,1
1,0.9270231,1
0,0.80090135,1
0,0.9586743,1
1,0.54258835,1
0,0.96644396,1
1,0.9836955,1
0,0.945577,1
0,0.77575463,1
0,0.45328808,1
0,0.8640219,1
0,0.062048912,0
0,0.87129694,1
0,0.07647545,0
0,0.58487594,1
0,0.83625096,1
0,0.8647259,1
0,0.82968515,1
0,0.22397703,0
0,0.9332597,1
0,0.934651,1
0,0.34460422,1
0,0.92548007,1
0,0.8516096,1
0,0.1371389,0
0,0.9304971,1
0,0.7857762,1
0,0.7437202,1
0,0.96663415,1
0,0.8415336,1
0,0.8696742,1
0,0.18759498,0
1,0.9924621,1
0,0.9426358,1
0,0.8533733,1
0,0.38701516,1
0,0.93180263,1
0,0.9658589,1
1,0.22144938,0
0,0.9653856,1
0,0.9189352,1
0,0.928589,1
0,0.92670923,1
0,0.90412086,1
0,0.026498375,0
1,0.87312573,1
0,0.4205354,1
0,0.957518,1
0,0.74698615,1
0,0.9548331,1
0,0.029207379,0
0,0.062762275,0
0,0.914401,1
0,0.90370595,1
0,0.9718142,1
0,0.1782227,0
0,0.8501636,1
0,0.9411242,1
0,0.83454216,1
0,0.49927822,1
0,0.8827711,1
0,0.935536,1
0,0.8278917,1
0,0.77497184,1
0,0.6684839,1
0,0.77852076,1
0,0.89454967,1
0,0.42452642,1
0,0.9819864,1
0,0.8753262,1
0,0.97311306,1
0,0.67519116,1
0,0.9317518,1
0,0.93459105,1
0,0.9347703,1
1,0.18833183,0
0,0.191148,0
0,0.93435556,1
1,0.98260546,1
0,0.8214509,1
0,0.36221775,1
0,0.26275164,1
0,0.9020432,1
0,0.003555689,0
0,0.93135065,1
0,0.9213726,1
0,0.02237509,0
0,0.07028944,0
0,0.8002887,1
0,0.85579455,1
0,0.13013877,0
0,0.2514972,1
0,0.93225175,1
0,0.38109288,1
0,0.8337999,1
0,0.4460066,1
0,0.30807588,1
1,0.906801,1
0,0.95790416,1
0,0.05512817,0
0,0.2946612,1
0,0.97238714,1
0,0.96079224,1
0,0.018467147,0
0,0.86349607,1
0,0.9785861,1
0,0.9036153,1
1,0.9568777,1
0,0.61457103,1
0,0.8842675,1
0,0.038746193,0
0,0.39052492,1
0,0.68370616,1
1,0.49960643,1
0,0.96079844,1
0,0.02131829,0
1,0.9657896,1
0,0.86679715,1
0,0.96899843,1
1,0.9870077,1
0,0.89386046,1
0,0.05841457,0
0,0.5799548,1
0,0.95590144,1
0,0.07987279,0
0,0.877547,1
0,0.60711914,1
0,0.85428214,1
0,0.9789464,1
0,0.862987,1
0,0.7513801,1
0,0.9246354,1
0,0.8138072,1
0,0.9425203,1
1,0.98418945,1
0,0.0684592,0
0,0.6658153,1
0,0.72557944,1
0,0.86196023,1
0,0.9509507,1
0,0.86350024,1
0,0.62756366,1
0,0.8427848,1
0,0.10464068,0
0,0.06989477,0
0,0.27816772,1
0,0.84863615,1
0,0.49884978,1
0,0.9463867,1
0,0.66485363,1
0,0.8052537,1
0,0.20763108,0
0,0.9585377,1
0,0.77046615,1
1,0.9829822,1
1,0.898385,1
0,0.9856683,1
0,0.2722016,1
0,0.9085683,1
0,0.86853564,1
0,0.9174121,1
0,0.8978722,1
0,0.9511241,1
0,0.953161,1
0,0.917791,1
0,0.9772859,1
0,0.9764192,1
0,0.09625251,0
0,0.89760387,1
0,0.9779497,1
0,0.14356641,0
0,0.5098954,1
1,0.9769901,1
0,0.9249601,1
0,0.3641216,1
0,0.06330745,0
0,0.052915633,0
0,0.10029803,0
0,0.9494067,1
0,0.034346927,0
0,0.084713385,0
0,0.7832561,1
0,0.14015971,0
0,0.521907,1
0,0.9404998,1
0,0.6388396,1
0,0.35352945,1
0,0.27301812,1
0,0.08038975,0
0,0.7213247,1
0,0.41523206,1
0,0.98705614,1
0,0.50680566,1
0,0.9501208,1
0,0.40720755,1
0,0.14074412,0
0,0.0039420016,0
0,0.044848323,0
0,0.852117,1
0,0.9006256,1
1,0.9555851,1
0,0.032106943,0
0,0.96693856,1
0,0.5231545,1
0,0.95909274,1
0,0.6564743,1
0,0.03301483,0
0,0.31196344,1
0,0.42155316,1
0,0.8306386,1
0,0.74697447,1
0,0.9701496,1
0,0.6781306,1
0,0.5656488,1
0,0.91228753,1
0,0.77544075,1
0,0.27320653,1
0,0.91309625,1
0,0.98003733,1
0,0.026620653,0
0,0.9356844,1
0,0.84095764,1
0,0.9604351,1
0,0.10015296,0
0,0.94440514,1
0,0.95880514,1
0,0.8361713,1
0,0.9473312,1
0,0.015171285,0
0,0.990624,1
0,0.8815849,1
0,0.7938116,1
0,0.61416453,1
0,0.684079,1
0,0.06876478,0
0,0.89026064,1
0,0.06412665,0
0,0.77868396,1
0,0.12704661,0
0,0.8091499,1
0,0.19638665,0
0,0.9820256,1
0,0.91882396,1
0,0.41067258,1
0,0.9887869,1
0,0.29324663,1
0,0.80009353,1
0,0.75096077,1
0,0.98226213,1
0,0.61145157,1
0,0.11628224,0
0,0.6565995,1
0,0.48661494,1
0,0.35699928,1
0,0.973003,1
0,0.43906006,1
0,0.18915603,0
0,0.45164964,1
0,0.82232445,1
0,0.068112165,0
0,0.1293335,0
0,0.017118413,0
0,0.55338424,1
0,0.9308319,1
0,0.9038086,1
0,0.9881827,1
0,0.15825236,0
0,0.9610369,1
0,0.91195065,1
0,0.05973541,0
0,0.9470394,1
0,0.4234616,1
0,0.86457974,1
0,0.8750728,1
0,0.06406316,0
0,0.08554926,0
0,0.86916035,1
0,0.98014015,1
0,0.7383742,1
0,0.8026271,1
0,0.21173203,0
0,0.70278126,1
0,0.95142496,1
0,0.40862915,1
1,0.9708925,1
0,0.03928239,0
1,0.9464228,1
0,0.9848977,1
0,0.94748867,1
0,0.92839515,1
1,0.8718842,1
0,0.06420563,0
0,0.8804196,1
0,0.961096,1
0,0.8148523,1
0,0.9744117,1
0,0.8706887,1
0,0.85810524,1
0,0.9839717,1
0,0.07569795,0
0,0.98528856,1
0,0.8254675,1
0,0.97181815,1
0,0.94734263,1
0,0.9272212,1
0,0.025362486,0
0,0.92721474,1
0,0.09662946,0
0,0.65017694,1
0,0.8987647,1
1,0.26798332,1
0,0.9261595,1
0,0.9713613,1
0,0.86086947,1
0,0.9039721,1
0,0.8708342,1
0,0.95134056,1
0,0.018067576,0
0,0.9053694,1
0,0.9878051,1
0,0.7207868,1
0,0.9244943,1
0,0.06795134,0
0,0.058567416,0
0,0.68610966,1
0,0.57120067,1
0,0.9651146,1
0,0.92524034,1
0,0.9556004,1
0,0.9151347,1
1,0.99176484,1
0,0.9014961,1
0,0.30049503,1
0,0.9605798,1
0,0.9405268,1
0,0.6933074,1
0,0.9773286,1
0,0.9479286,1
0,0.9752109,1
0,0.63499224,1
1,0.28791526,1
0,0.82127845,1
0,0.46015793,1
0,0.87237316,1
0,0.81605357,1
0,0.9844646,1
0,0.56140256,1
0,0.06864745,0
0,0.97014433,1
0,0.330111,1
1,0.9565256,1
0,0.4530523,1
0,0.966339,1
0,0.86656463,1
0,0.3771544,1
0,0.9387298,1
0,0.9452594,1
0,0.378547,1
0,0.9387298,1
0,0.9881918,1
0,0.508814,1
0,0.9785259,1
0,0.86782545,1
1,0.87252545,1
0,0.9619114,1
0,0.94502693,1
0,0.9052691,1
0,0.95442724,1
0,0.9069067,1
0,0.2873199,1
1,0.97488075,1
0,0.17602162,0
0,0.09089319,0
1,0.88754666,1
0,0.90558356,1
1,0.86442184,1
0,0.7636523,1
0,0.9337778,1
1,0.96294725,1
0,0.88917834,1
0,0.9245673,1
0,0.36728263,1
0,0.9341526,1
0,0.955646,1
1,0.08190903,0
0,0.2648717,1
0,0.8758885,1
0,0.24536152,0
0,0.94272536,1
0,0.45854452,1
0,0.9157146,1
0,0.075931735,0
0,0.97553355,1
0,0.7456232,1
0,0.9669497,1
0,0.9651477,1
0,0.7747877,1
1,0.417744,1
0,0.8505473,1
0,0.49956658,1
1,0.9902164,1
0,0.0692685,0
1,0.97836417,1
0,0.98153234,1
0,0.05772566,0
0,0.9423488,1
0,0.25923425,1
1,0.96422035,1
0,0.9540513,1
0,0.9783837,1
1,0.9635628,1
0,0.45143977,1
0,0.9632083,1
0,0.8887051,1
0,0.15125832,0
0,0.22765812,0
0,0.016194224,0
0,0.94283706,1
0,0.7807321,1
0,0.8516482,1
0,0.04196756,0
0,0.9727597,1
0,0.93070513,1
0,0.13161956,0
0,0.4158186,1
0,0.9898693,1
0,0.8752604,1
0,0.69797766,1
0,0.9541273,1
0,0.01612628,0
0,0.09315915,0
0,0.9853625,1
1,0.21215738,0
0,0.95535487,1
0,0.13485661,0
0,0.93257624,1
0,0.82857406,1
0,0.17839175,0
0,0.9752446,1
0,0.56071913,1
0,0.9698691,1
0,0.9696806,1
0,0.03697578,0
0,0.94358134,1
0,0.025376767,0
0,0.17774488,0
0,0.55754364,1
0,0.3932059,1
0,0.84213567,1
0,0.9634853,1
0,0.9307173,1
0,0.7431955,1
0,0.18775216,0
0,0.69417363,1
0,0.98500085,1
1,0.9395208,1
0,0.9867784,1
0,0.39421007,1
0,0.79721683,1
0,0.12180984,0
0,0.91784656,1
0,0.91607624,1
0,0.82835853,1
0,0.9096128,1
0,0.5489824,1
0,0.98582816,1
0,0.26595718,1
0,0.010677688,0
0,0.82265466,1
0,0.9840418,1
0,0.7452964,1
0,0.9940348,1
0,0.5287584,1
0,0.41070658,1
0,0.85559994,1
0,0.103385165,0
0,0.8875664,1
0,0.9735964,1
0,0.37447762,1
0,0.7112926,1
0,0.95334756,1
0,0.8340753,1
0,0.89082533,1
0,0.22910035,0
0,0.95845366,1
0,0.92414486,1
0,0.78115886,1
0,0.4762329,1
0,0.9297429,1
0,0.85958296,1
0,0.05415531,0
0,0.27137306,1
1,0.74941486,1
0,0.9617571,1
0,0.18719904,0
0,0.1808802,0
0,0.8940978,1
0,0.9207563,1
0,0.9811162,1
0,0.5231494,1
0,0.9424909,1
0,0.9542232,1
0,0.8056117,1
0,0.28160292,1
0,0.06272257,0
0,0.0037243601,0
0,0.9337701,1
0,0.8776198,1
0,0.19556779,0
0,0.003998451,0
0,0.11405703,0
0,0.8140813,1
0,0.8648185,1
0,0.4177275,1
0,0.12941256,0
0,0.029791296,0
0,0.9877808,1
0,0.016398933,0
0,0.7723273,1
0,0.9500926,1
1,0.8890486,1
0,0.9292273,1
1,0.8698387,1
0,0.9547264,1
0,0.6947993,1
0,0.8677478,1
0,0.9166681,1
0,0.98265165,1
0,0.46650094,1
0,0.9345209,1
0,0.87799793,1
1,0.94591194,1
0,0.88570637,1
0,0.9503534,1
1,0.9820534,1
0,0.8264184,1
0,0.94574344,1
0,0.9845871,1
0,0.5161366,1
0,0.5970151,1
0,0.96069,1
0,0.4975905,1
0,0.077193,0
0,0.9497728,1
0,0.9585929,1
0,0.9446092,1
0,0.8517103,1
0,0.10586201,0
1,0.99047476,1
1,0.48071525,1
0,0.33921272,1
0,0.78564954,1
0,0.67767674,1
0,0.6718452,1
0,0.8968119,1
0,0.8688226,1
0,0.9568109,1
0,0.638694,1
0,0.9554775,1
0,0.09321593,0
0,0.78064173,1
0,0.16114636,0
1,0.8670135,1
0,0.95356166,1
0,0.8391649,1
0,0.85112613,1
1,0.5289778,1
0,0.9028073,1
0,0.6654818,1
1,0.98841316,1
0,0.7265039,1
0,0.986598,1
0,0.87827224,1
1,0.29738358,1
0,0.275312,1
0,0.70718926,1
0,0.019409997,0
0,0.7266042,1
0,0.44776985,1
1,0.2235416,0
0,0.96184003,1
0,0.9724162,1
0,0.9501562,1
0,0.80890894,1
0,0.3474282,1
1,0.8961611,1
0,0.9846608,1
0,0.9480041,1
0,0.8494675,1
0,0.9769324,1
0,0.31371984,1
0,0.8274013,1
0,0.80569685,1
0,0.36971852,1
1,0.89628106,1
0,0.11495824,0
0,0.98818773,1
0,0.9927216,1
0,0.9235224,1
0,0.96719235,1
0,0.9754515,1
0,0.13119149,0
0,0.69895005,1
0,0.17843963,0
0,0.47895995,1
0,0.8827503,1
0,0.89579207,1
0,0.8439842,1
1,0.9901035,1
0,0.7840814,1
0,0.056194235,0
0,0.1526536,0
0,0.9016928,1
0,0.8676905,1
0,0.9838493,1
0,0.9491346,1
1,0.96795624,1
0,0.95341927,1
0,0.95009595,1
0,0.45788154,1
0,0.018741352,0
0,0.17083955,0
0,0.17727394,0
0,0.96092016,1
0,0.794516,1
0,0.93695366,1
0,0.9567103,1
0,0.5530074,1
0,0.9949976,1
0,0.9258887,1
0,0.61521363,1
0,0.033214893,0
1,0.9848728,1
0,0.046479087,0
0,0.3717411,1
0,0.7814665,1
1,0.70307773,1
0,0.26874712,1
0,0.9419677,1
0,0.95987064,1
0,0.8089856,1
0,0.61796343,1
0,0.89932877,1
0,0.8426124,1
0,0.36060572,1
0,0.8060387,1
0,0.2636248,1
0,0.15259755,0
1,0.039439052,0
0,0.33130193,1
0,0.1077131,0
0,0.8129881,1
0,0.9191209,1
0,0.91450053,1
0,0.96958345,1
0,0.8435344,1
0,0.7294911,1
0,0.9931257,1
0,0.068691336,0
0,0.92515385,1
0,0.7306266,1
0,0.040587097,0
0,0.3148929,1
0,0.5300905,1
0,0.8897483,1
0,0.9292716,1
0,0.047050003,0
0,0.960291,1
0,0.012100853,0
0,0.8840674,1
0,0.95367336,1
0,0.95410866,1
0,0.8862531,1
1,0.9847898,1
0,0.9536084,1
0,0.816244,1
0,0.24457541,0
0,0.2591736,1
0,0.0666549,0
0,0.8938564,1
0,0.9836653,1
0,0.7640384,1
0,0.26778668,1
0,0.81985635,1
0,0.48368856,1
0,0.14532837,0
0,0.9062086,1
1,0.83303845,1
0,0.59493244,1
0,0.951401,1
0,0.9440045,1
0,0.95324624,1
0,0.81895447,1
0,0.9805417,1
0,0.00516954,0
0,0.82605267,1
0,0.3966317,1
0,0.22303526,0
0,0.95096284,1
0,0.9675871,1
1,0.7695821,1
0,0.35688215,1
0,0.9519027,1
0,0.82620436,1
0,0.9569439,1
0,0.87672424,1
0,0.13658252,0
0,0.030091852,0
0,0.9888604,1
1,0.9604928,1
0,0.8971237,1
0,0.9039648,1
0,0.9094169,1
0,0.97992814,1
0,0.4865676,1
0,0.06859217,0
0,0.9250948,1
0,0.051980328,0
0,0.98455185,1
0,0.03291157,0
0,0.81871367,1
0,0.96470547,1
0,0.9123289,1
0,0.7197307,1
0,0.8076407,1
0,0.9088632,1
0,0.9702323,1
1,0.9831972,1
0,0.9907912,1
0,0.18759046,0
0,0.9649321,1
0,0.14262035,0
0,0.9211942,1
0,0.9911697,1
0,0.92277724,1
0,0.9123308,1
0,0.27853593,1
0,0.9591042,1
0,0.9415031,1
1,0.99091256,1
0,0.7244265,1
0,0.28498545,1
1,0.9861507,1
0,0.882339,1
0,0.963515,1
0,0.8783951,1
0,0.9841074,1
0,0.9760717,1
0,0.8395494,1
0,0.957127,1
0,0.9443267,1
0,0.93930876,1
0,0.058622994,0
0,0.5836172,1
0,0.94674796,1
0,0.98179525,1
0,0.92032653,1
0,0.96201617,1
0,0.93326294,1
0,0.6436823,1
0,0.12488453,0
0,0.84488046,1
0,0.38459566,1
1,0.9955142,1
0,0.9723272,1
0,0.957568,1
0,0.55863655,1
1,0.967005,1
0,0.9250532,1
0,0.8011343,1
0,0.9797391,1
0,0.008027327,0
0,0.8079133,1
0,0.87332666,1
0,0.9352903,1
0,0.93275934,1
0,0.88226014,1
0,0.96069896,1
0,0.505756,1
0,0.95388937,1
0,0.774953,1
1,0.74786,1
0,0.020266138,0
0,0.8774723,1
0,0.9637624,1
0,0.9864292,1
1,0.85739005,1
0,0.8807449,1
0,0.16315381,0
0,0.8997267,1
0,0.2290519,0
0,0.75549465,1
0,0.9752848,1
0,0.9418496,1
0,0.0058032805,0
0,0.39258295,1
0,0.022833135,0
0,0.096074656,0
0,0.70615923,1
1,0.98392594,1
0,0.38833043,1
0,0.1820603,0
0,0.8572763,1
0,0.381673,1
1,0.9170996,1
0,0.7704786,1
0,0.89261913,1
0,0.5520959,1
0,0.68490165,1
0,0.7800752,1
0,0.7851758,1
0,0.010680811,0
0,0.9368772,1
0,0.07558351,0
0,0.96060103,1
0,0.032672867,0
0,0.7130614,1
0,0.8107782,1
0,0.8191469,1
0,0.98779917,1
0,0.9746712,1
0,0.92654073,1
1,0.068641506,0
0,0.1550533,0
0,0.9273043,1
0,0.14561391,0
0,0.9428924,1
0,0.936476,1
0,0.6991694,1
0,0.053357515,0
1,0.2769646,1
0,0.9630368,1
0,0.22356324,0
1,0.96664745,1
0,0.86039156,1
1,0.11625246,0
0,0.95881486,1
0,0.009751393,0
0,0.55658144,1
0,0.8210533,1
0,0.9334075,1
0,0.9496126,1
0,0.80258906,1
0,0.706072,1
0,0.83496636,1
0,0.96592414,1
0,0.5345877,1
0,0.9126401,1
0,0.1041914,0
0,0.48414344,1
0,0.7790867,1
0,0.09779631,0
0,0.14974281,0
0,0.6781177,1
0,0.17563997,0
0,0.9806066,1
1,0.9333108,1
0,0.9065494,1
0,0.98898894,1
0,0.9456557,1
0,0.07159494,0
0,0.9091227,1
0,0.83558196,1
0,0.85166836,1
0,0.040373113,0
0,0.91727877,1
0,0.94271606,1
0,0.9613106,1
0,0.79013693,1
0,0.92148066,1
0,0.9700532,1
0,0.9737344,1
0,0.096712455,0
0,0.9272547,1
0,0.8931337,1
0,0.78752565,1
0,0.899713,1
0,0.1248826,0
0,0.38252005,1
1,0.9712487,1
0,0.7512837,1
0,0.40154287,1
0,0.8399485,1
0,0.6888357,1
1,0.65306926,1
0,0.9104056,1
0,0.287215,1
0,0.9843827,1
0,0.9158864,1
1,0.9135487,1
0,0.32593358,1
0,0.98166865,1
0,0.9579222,1
1,0.9871471,1
0,0.5782795,1
0,0.8683084,1
0,0.9547177,1
0,0.7135537,1
0,0.77636826,1
0,0.905264,1
0,0.024533687,0
0,0.17667796,0
0,0.25628266,1
0,0.56377405,1
0,0.79550594,1
0,0.93028617,1
0,0.052976042,0
0,0.70223874,1
0,0.6784809,1
0,0.2697168,1
0,0.96869767,1
0,0.6420443,1
0,0.38209608,1
0,0.952949,1
0,0.057208285,0
0,0.96844685,1
0,0.81813025,1
0,0.8885476,1
0,0.7695732,1
0,0.9301343,1
0,0.9048047,1
0,0.1193741,0
0,0.8938512,1
0,0.99239117,1
0,0.9624388,1
0,0.84995544,1
0,0.7941167,1
0,0.86017704,1
0,0.5367731,1
0,0.1513721,0
0,0.7939448,1
0,0.65116453,1
0,0.43938395,1
0,0.976278,1
0,0.9899755,1
0,0.94132125,1
0,0.9461305,1
0,0.12893264,0
0,0.89857054,1
0,0.9583588,1
0,0.037045926,0
0,0.1213342,0
0,0.8549639,1
0,0.05093585,0
0,0.34806433,1
0,0.9519636,1
1,0.8002948,1
0,0.7158804,1
1,0.4376387,1
0,0.8905573,1
0,0.01691699,0
0,0.86393267,1
0,0.36608213,1
0,0.5862215,1
0,0.87041545,1
0,0.94465,1
0,0.880666,1
0,0.8766732,1
0,0.22082523,0
0,0.16273934,0
0,0.038710967,0
0,0.8539819,1
0,0.5799594,1
0,0.5261649,1
0,0.93936634,1
0,0.33117133,1
0,0.8877853,1
0,0.8890027,1
0,0.027268108,0
0,0.95687324,1
0,0.94440496,1
0,0.48854336,1
0,0.9867512,1
0,0.9271303,1
0,0.92180693,1
0,0.33200654,1
0,0.8776053,1
0,0.9466698,1
1,0.98144907,1
0,0.070821926,0
0,0.8503797,1
0,0.92882997,1
0,0.36605242,1
0,0.42050406,1
0,0.9898095,1
0,0.2954615,1
1,0.03934391,0
0,0.97062254,1
0,0.85741377,1
0,0.18989734,0
0,0.90155405,1
0,0.73536766,1
0,0.014119586,0
0,0.9619263,1
0,0.24449974,0
0,0.92637455,1
0,0.25995335,1
0,0.18408878,0
0,0.24871942,0
1,0.98903346,1
0,0.97104657,1
0,0.9535219,1
0,0.58222485,1
1,0.942903,1
1,0.922688,1
0,0.8542022,1
0,0.7825084,1
0,0.8288334,1
0,0.76134086,1
0,0.9635412,1
0,0.034485996,0
0,0.75347275,1
0,0.8957514,1
0,0.96544623,1
0,0.7381346,1
0,0.023593433,0
1,0.6933109,1
0,0.9504759,1
0,0.9217983,1
0,0.87026626,1
0,0.049429964,0
0,0.942726,1
0,0.86348426,1
0,0.9427068,1
0,0.85530925,1
1,0.95442986,1
0,0.033635065,0
0,0.6328714,1
0,0.98282605,1
1,0.99507916,1
0,0.9565325,1
0,0.69657385,1
0,0.8144664,1
0,0.8751722,1
0,0.52476037,1
0,0.9422638,1
0,0.7988655,1
1,0.64110345,1
0,0.50657934,1
0,0.9095954,1
0,0.24497153,0
0,0.12058569,0
0,0.19364369,0
0,0.92727816,1
0,0.96103936,1
0,0.98113674,1
0,0.8364212,1
0,0.7606808,1
0,0.8981988,1
0,0.95436895,1
0,0.85318047,1
0,0.77653867,1
0,0.19778675,0
0,0.9184447,1
0,0.93907684,1
0,0.4570744,1
1,0.46652934,1
0,0.98829657,1
0,0.21655871,0
0,0.9594403,1
0,0.36448166,1
0,0.34463218,1
0,0.9790548,1
0,0.93134916,1
0,0.79515827,1
0,0.88006455,1
0,0.9849761,1
0,0.7858082,1
0,0.26225346,1
0,0.4495573,1
0,0.01197963,0
0,0.12567182,0
1,0.097843304,0
0,0.81219894,1
0,0.12061273,0
0,0.4776115,1
0,0.98590523,1
0,0.3353941,1
0,0.9468379,1
0,0.12777512,0
0,0.9833477,1
0,0.9241587,1
0,0.9702439,1
1,0.9891396,1
0,0.7753852,1
0,0.20422757,0
0,0.91479313,1
1,0.9711529,1
0,0.8163828,1
1,0.59593946,1
0,0.16934201,0
0,0.9879159,1
0,0.02389151,0
1,0.28116283,1
0,0.38559613,1
0,0.9267508,1
0,0.39290583,1
0,0.96336615,1
1,0.35224497,1
0,0.92166764,1
0,0.9837173,1
0,0.109306276,0
0,0.9645668,1
0,0.94135314,1
0,0.76482,1
0,0.8544728,1
0,0.44309518,1
0,0.9612579,1
0,0.080835305,0
0,0.8832473,1
0,0.96814704,1
0,0.972786,1
1,0.98979,1
0,0.99151975,1
1,0.09946122,0
0,0.7769523,1
0,0.011035686,0
0,0.931756,1
0,0.98021084,1
0,0.051674716,0
0,0.9178278,1
0,0.9728918,1
0,0.8206413,1
0,0.16997004,0
0,0.6322471,1
0,0.10965669,0
0,0.023459217,0
0,0.3817167,1
0,0.7167231,1
0,0.061439987,0
0,0.4630135,1
0,0.88778627,1
0,0.54906833,1
0,0.198842,0
0,0.9337269,1
0,0.7471889,1
0,0.96013564,1
0,0.16832379,0
0,0.95013696,1
1,0.9099392,1
1,0.84412384,1
0,0.058058668,0
0,0.03735583,0
0,0.72872543,1
0,0.8986277,1
0,0.84770995,1
0,0.7788752,1
0,0.44964203,1
0,0.7858376,1
0,0.8283396,1
0,0.65907925,1
0,0.92645967,1
0,0.64070505,1
0,0.9313448,1
0,0.9020976,1
0,0.57228434,1
1,0.9054815,1
0,0.6506112,1
0,0.50831527,1
0,0.9371271,1
0,0.8308968,1
0,0.54869837,1
0,0.8670722,1
0,0.9595269,1
0,0.018458044,0
0,0.94172007,1
0,0.9080413,1
0,0.97781086,1
0,0.95172995,1
1,0.9231553,1
0,0.060801044,0
0,0.69939595,1
0,0.80666655,1
0,0.95305014,1
0,0.817756,1
0,0.91785055,1
0,0.8742451,1
0,0.9420824,1
0,0.08114331,0
0,0.05364413,0
0,0.9507496,1
0,0.21086958,0
0,0.9266115,1
0,0.964919,1
1,0.7740381,1
0,0.8205597,1
0,0.9161264,1
0,0.9191296,1
0,0.94404924,1
0,0.46599618,1
0,0.10103872,0
0,0.8216632,1
0,0.07531177,0
0,0.03192353,0
1,0.91916484,1
0,0.934371,1
0,0.11680193,0
0,0.24569416,0
1,0.4840779,1
0,0.20520115,0
0,0.75923955,1
0,0.60655534,1
0,0.51838833,1
0,0.0620682,0
0,0.8847359,1
0,0.5942313,1
0,0.9574479,1
0,0.9870608,1
0,0.69388145,1
0,0.96984947,1
0,0.97268945,1
0,0.95691437,1
0,0.86370677,1
0,0.042627823,0
0,0.9207563,1
0,0.078516036,0
1,0.9438734,1
0,0.7073148,1
0,0.8419087,1
0,0.81914794,1
0,0.6218122,1
0,0.94458455,1
0,0.9213422,1
0,0.09055262,0
0,0.05385923,0
0,0.83966696,1
0,0.73121375,1
0,0.71584123,1
0,0.9244447,1
0,0.90461665,1
0,0.8705682,1
0,0.9274295,1
0,0.90280473,1
0,0.7976461,1
0,0.67835486,1
0,0.16731876,0
0,0.9059289,1
0,0.9111895,1
0,0.87807536,1
0,0.9858132,1
0,0.9351225,1
0,0.95218325,1
0,0.8829392,1
0,0.99556655,1
0,0.22583848,0
0,0.59648186,1
0,0.10657331,0
0,0.026557429,0
0,0.9090891,1
0,0.9212559,1
0,0.970933,1
0,0.48742446,1
0,0.8871223,1
0,0.90472895,1
0,0.7811249,1
0,0.81627536,1
0,0.9146786,1
0,0.97628194,1
0,0.91302043,1
0,0.9085683,1
0,0.4775295,1
0,0.966695,1
0,0.59510005,1
0,0.10227136,0
0,0.4852472,1
0,0.6580763,1
0,0.95393026,1
1,0.39385325,1
0,0.6896369,1
0,0.5871467,1
0,0.94286853,1
0,0.87623817,1
0,0.9903626,1
0,0.9838982,1
0,0.8908107,1
0,0.44855502,1
1,0.8229685,1
0,0.9224215,1
0,0.4495062,1
0,0.13913482,0
0,0.941604,1
0,0.048891373,0
0,0.2875777,1
0,0.94295377,1
0,0.9283861,1
0,0.53898746,1
0,0.38204598,1
0,0.17592342,0
0,0.033842843,0
0,0.77332735,1
0,0.90602255,1
0,0.28033462,1
0,0.17181227,0
0,0.23913099,0
0,0.95972335,1
0,0.95639104,1
0,0.78086525,1
0,0.94795454,1
0,0.045014177,0
0,0.11858957,0
1,0.9694988,1
0,0.8887397,1
1,0.7808298,1
0,0.94331056,1
0,0.95224553,1
0,0.039740942,0
0,0.9636487,1
0,0.8245278,1
1,0.94882476,1
0,0.6863683,1
0,0.21582708,0
0,0.78187937,1
0,0.991614,1
0,0.86463106,1
1,0.9428042,1
0,0.87730783,1
0,0.82739466,1
0,0.046753958,0
0,0.9198985,1
0,0.85744816,1
0,0.8582945,1
0,0.074334756,0
0,0.9529476,1
0,0.09067329,0
0,0.9412017,1
0,0.014877605,0
0,0.9449529,1
0,0.5755848,1
0,0.5405737,1
1,0.7060879,1
1,0.055029742,0
0,0.057071522,0
0,0.9746919,1
0,0.113310836,0
0,0.740535,1
0,0.9742159,1
0,0.832746,1
0,0.8700103,1
0,0.956543,1
0,0.047097046,0
0,0.9452345,1
0,0.2401067,0
0,0.0077850427,0
0,0.92870516,1
0,0.8093324,1
0,0.76150787,1
0,0.1783388,0
1,0.8195826,1
0,0.0068912464,0
0,0.95853376,1
0,0.9489969,1
0,0.8984418,1
0,0.79063994,1
0,0.72230816,1
0,0.982454,1
0,0.33172753,1
0,0.96261674,1
0,0.8727431,1
0,0.35896727,1
0,0.744051,1
1,0.95120746,1
0,0.9289815,1
0,0.97472453,1
0,0.97178113,1
0,0.8447427,1
0,0.9504859,1
0,0.9462161,1
0,0.9290057,1
0,0.8994848,1
0,0.9315041,1
0,0.164181,0
0,0.0918782,0
0,0.94421065,1
0,0.9573454,1
0,0.9635979,1
0,0.21139963,0
0,0.46979168,1
0,0.35788938,1
0,0.97356737,1
0,0.8726388,1
0,0.62907565,1
0,0.9517819,1
0,0.9813219,1
0,0.9780226,1
0,0.96451056,1
0,0.93891674,1
0,0.8988159,1
0,0.8334767,1
0,0.8436383,1
0,0.9335849,1
0,0.19604373,0
0,0.90566313,1
0,0.115421735,0
0,0.18862025,0
0,0.9775302,1
0,0.98215,1
0,0.8251651,1
0,0.992942,1
0,0.9247071,1
0,0.59723645,1
0,0.86249673,1
0,0.9706087,1
0,0.69351035,1
0,0.9668336,1
0,0.9481462,1
0,0.980102,1
0,0.6778503,1
0,0.09731768,0
1,0.97127926,1
1,0.69301194,1
0,0.5992996,1
0,0.08621313,0
0,0.003405958,0
0,0.45319772,1
0,0.8497241,1
1,0.97776574,1
0,0.979357,1
1,0.9836854,1
0,0.92831343,1
0,0.8086325,1
0,0.16291861,0
0,0.9678402,1
0,0.9721995,1
0,0.36207214,1
0,0.74331295,1
0,0.8483366,1
0,0.95997137,1
0,0.56238914,1
0,0.96214277,1
0,0.963561,1
0,0.2510584,1
0,0.46538776,1
0,0.3732004,1
0,0.10758302,0
1,0.81917,1
0,0.94006366,1
0,0.9841442,1
1,0.5930406,1
0,0.4740451,1
1,0.9867992,1
0,0.8004468,1
0,0.98532397,1
0,0.9519398,1
0,0.9758331,1
0,0.3714571,1
0,0.9425582,1
0,0.807453,1
1,0.93549395,1
0,0.98181033,1
0,0.86887956,1
0,0.26921672,1
0,0.027751233,0
0,0.82647324,1
0,0.19526346,0
0,0.015183686,0
0,0.79783106,1
0,0.04527973,0
0,0.79778016,1
0,0.9191035,1
0,0.7787492,1
0,0.74623644,1
1,0.9493798,1
0,0.86807454,1
0,0.13264059,0
0,0.9584526,1
0,0.018606659,0
0,0.07042377,0
0,0.07974351,0
0,0.31761613,1
0,0.38775852,1
0,0.92829764,1
0,0.9615903,1
0,0.9322248,1
0,0.9219726,1
0,0.38159245,1
0,0.8805922,1
0,0.11560884,0
0,0.9813664,1
0,0.32901093,1
0,0.9903565,1
0,0.10701645,0
0,0.33642736,1
0,0.2082875,0
0,0.8897626,1
0,0.9768987,1
0,0.938581,1
0,0.73530275,1
1,0.97710437,1
1,0.9034925,1
0,0.748667,1
0,0.6628222,1
0,0.84824836,1
0,0.7905435,1
0,0.9661047,1
0,0.9476334,1
0,0.5742762,1
0,0.01704634,0
1,0.94184995,1
0,0.066897854,0
0,0.49502778,1
0,0.11419526,0
0,0.25377798,1
1,0.87071043,1
0,0.017541101,0
1,0.91564566,1
0,0.8903017,1
0,0.84145397,1
0,0.41140956,1
0,0.17352869,0
0,0.7826966,1
0,0.9307214,1
0,0.9805371,1
0,0.98021287,1
0,0.9670746,1
0,0.98553723,1
0,0.9123838,1
0,0.8929494,1
0,0.9901799,1
0,0.53655887,1
0,0.95570666,1
0,0.8879937,1
0,0.15603366,0
0,0.8560508,1
0,0.9430744,1
0,0.72494507,1
0,0.6724305,1
0,0.9204865,1
0,0.03404792,0
0,0.074358776,0
0,0.014368519,0
0,0.38411158,1
0,0.13247886,0
0,0.88036317,1
0,0.0757649,0
0,0.9136871,1
0,0.96423054,1
0,0.6683119,1
0,0.7897633,1
0,0.81881475,1
0,0.56384957,1
0,0.15109241,0
0,0.97493356,1
0,0.23008494,0
0,0.6284217,1
0,0.13170709,0
0,0.9458296,1
0,0.9804003,1
0,0.09679139,0
0,0.7218277,1
0,0.84896964,1
0,0.5819199,1
0,0.2618002,1
0,0.9350313,1
0,0.9861042,1
0,0.9176894,1
0,0.35571977,1
0,0.45705837,1
1,0.9936178,1
0,0.770751,1
0,0.8147043,1
0,0.25435212,1
0,0.9278831,1
0,0.7040168,1
0,0.9821326,1
0,0.92106533,1
0,0.983454,1
0,0.9256728,1
1,0.8178139,1
0,0.18144351,0
0,0.6567433,1
0,0.026122179,0
0,0.1442656,0
0,0.47089434,1
0,0.08040621,0
0,0.92805815,1
0,0.18344967,0
0,0.72091156,1
0,0.22796357,0
0,0.15775767,0
0,0.96098465,1
1,0.5421539,1
0,0.93262804,1
0,0.9861196,1
0,0.95696336,1
0,0.8619937,1
0,0.24035476,0
0,0.30507356,1
0,0.60651535,1
1,0.9882477,1
0,0.010561456,0
0,0.8339293,1
0,0.9664532,1
0,0.06329175,0
0,0.89497375,1
0,0.8838746,1
0,0.78843784,1
0,0.9377856,1
0,0.054729935,0
0,0.78181064,1
0,0.45794433,1
0,0.955875,1
0,0.9210812,1
0,0.7257725,1
1,0.7367629,1
0,0.87117213,1
0,0.3733394,1
0,0.9616052,1
0,0.09093902,0
0,0.051856495,0
0,0.058291897,0
0,0.17459288,0
1,0.9300845,1
0,0.34865156,1
0,0.93527865,1
0,0.25155753,1
0,0.9755525,1
1,0.84967756,1
0,0.06435068,0
0,0.8963254,1
0,0.1847564,0
0,0.84519327,1
0,0.07931161,0
0,0.8815409,1
1,0.9756659,1
0,0.27082875,1
0,0.90119016,1
0,0.32658055,1
0,0.96760374,1
0,0.91659415,1
0,0.010126755,0
0,0.3074151,1
0,0.75405425,1
0,0.5466984,1
1,0.061730266,0
0,0.9418997,1
0,0.035121027,0
0,0.6460584,1
0,0.82903445,1
0,0.8400584,1
0,0.9672459,1
0,0.9169035,1
0,0.5839484,1
0,0.9829565,1
0,0.7661254,1
0,0.6660412,1
0,0.9801223,1
0,0.1971141,0
0,0.66929865,1
0,0.5997803,1
0,0.9914642,1
0,0.09667077,0
0,0.7245622,1
0,0.10734706,0
0,0.021154398,0
1,0.6439092,1
0,0.9498341,1
0,0.8948009,1
0,0.895171,1
0,0.80061764,1
0,0.9291325,1
0,0.9333214,1
0,0.9706391,1
0,0.03029185,0
1,0.51491743,1
0,0.5601292,1
0,0.86069226,1
0,0.9371735,1
0,0.12412152,0
0,0.9832456,1
0,0.9189101,1
0,0.79008806,1
0,0.8198437,1
0,0.8519403,1
0,0.9328116,1
0,0.88872796,1
0,0.07909588,0
0,0.9718992,1
0,0.41768265,1
0,0.9550033,1
0,0.073153846,0
0,0.20903863,0
0,0.3600852,1
0,0.18825306,0
0,0.9823949,1
0,0.83310556,1
0,0.22369328,0
0,0.005565265,0
0,0.9721895,1
0,0.83635956,1
0,0.032311104,0
0,0.95969623,1
0,0.017188014,0
0,0.93348,1
0,0.9226116,1
1,0.89757377,1
0,0.9862183,1
0,0.93752635,1
1,0.07808014,0
0,0.532846,1
0,0.91029274,1
0,0.9423223,1
0,0.8973851,1
0,0.8883169,1
0,0.034426548,0
0,0.05992893,0
0,0.989721,1
0,0.8163072,1
1,0.9092863,1
0,0.91557163,1
0,0.6976098,1
0,0.98519623,1
0,0.9121004,1
0,0.94995874,1
0,0.86994725,1
0,0.8889892,1
0,0.95546323,1
0,0.5493172,1
0,0.7685521,1
0,0.14408277,0
0,0.94510764,1
0,0.98768556,1
0,0.17992713,0
0,0.10402476,0
0,0.9794082,1
0,0.96580994,1
0,0.045444332,0
0,0.8541167,1
0,0.9579105,1
0,0.31188238,1
0,0.8568521,1
0,0.6450335,1
0,0.81163955,1
0,0.9555763,1
0,0.06249465,0
0,0.71787477,1
0,0.88800746,1
1,0.067121275,0
0,0.90200126,1
0,0.05164952,0
0,0.8566675,1
0,0.7324618,1
0,0.8853159,1
0,0.8117997,1
0,0.8225725,1
0,0.862354,1
0,0.15219492,0
0,0.029577764,0
0,0.7680072,1
0,0.483724,1
0,0.017590862,0
0,0.72945935,1
0,0.8293093,1
0,0.93177044,1
0,0.84589136,1
1,0.93411064,1
0,0.15337422,0
0,0.9604089,1
1,0.93979484,1
0,0.12116431,0
1,0.024611795,0
0,0.89547753,1
0,0.5396583,1
0,0.016067043,0
0,0.9167014,1
0,0.34463382,1
0,0.45638847,1
0,0.57933736,1
0,0.91040784,1
0,0.9066208,1
0,0.59940654,1
0,0.9575327,1
0,0.9273256,1
0,0.8381368,1
0,0.8509263,1
1,0.059705313,0
0,0.9141933,1
0,0.9192533,1
0,0.975518,1
0,0.13245948,0
0,0.92784935,1
0,0.9663358,1
0,0.9360262,1
0,0.7863989,1
0,0.2169576,0
0,0.78464395,1
0,0.84908944,1
0,0.9087569,1
0,0.89463025,1
0,0.90544826,1
1,0.9722946,1
0,0.8285352,1
0,0.9371918,1
0,0.93315864,1
0,0.9746927,1
1,0.687277,1
0,0.08196274,0
0,0.9016533,1
0,0.0523364,0
1,0.69735634,1
0,0.82709235,1
0,0.9870193,1
0,0.9119421,1
0,0.8920316,1
0,0.91540766,1
0,0.9390783,1
0,0.8579744,1
0,0.38603705,1
0,0.8985103,1
0,0.94013613,1
0,0.9452322,1
0,0.7661781,1
0,0.63022774,1
0,0.36950004,1
1,0.8841662,1
0,0.94834685,1
0,0.97303694,1
0,0.16800849,0
0,0.6184516,1
0,0.9299881,1
0,0.96766984,1
0,0.9354026,1
0,0.916015,1
0,0.05520727,0
0,0.343131,1
0,0.9714522,1
0,0.9611823,1
0,0.9242097,1
0,0.90768903,1
0,0.98005545,1
0,0.8839286,1
0,0.9415294,1
1,0.9677866,1
0,0.9872126,1
1,0.9519288,1
0,0.68806064,1
0,0.8718898,1
0,0.9930101,1
0,0.060003348,0
0,0.9094276,1
0,0.90243644,1
1,0.94860554,1
0,0.9785623,1
0,0.33878922,1
0,0.18966901,0
0,0.9440113,1
1,0.95508075,1
1,0.94389486,1
0,0.9777514,1
0,0.9400537,1
0,0.3908152,1
0,0.95838207,1
0,0.9268489,1
0,0.86923105,1
1,0.9471861,1
0,0.97981995,1
0,0.95672536,1
0,0.8976047,1
0,0.43159032,1
0,0.989693,1
0,0.9634716,1
0,0.9601844,1
0,0.12813973,0
0,0.76707333,1
0,0.04172224,0
0,0.9484287,1
0,0.98548895,1
0,0.7779436,1
0,0.66178936,1
0,0.9657774,1
0,0.02223724,0
0,0.88356316,1
0,0.9723092,1
0,0.7361468,1
0,0.6509975,1
0,0.8005151,1
0,0.9604567,1
0,0.69433343,1
0,0.9583734,1
0,0.25658813,1
0,0.70126694,1
1,0.42951885,1
0,0.7575768,1
0,0.96814525,1
0,0.88530684,1
0,0.043135513,0
0,0.87628585,1
0,0.83821964,1
0,0.0063775945,0
0,0.33234936,1
0,0.9769508,1
0,0.123905525,0
0,0.12966324,0
0,0.93729633,1
0,0.80441356,1
0,0.9728606,1
0,0.05968718,0
0,0.97114885,1
0,0.8921455,1
0,0.5973707,1
0,0.25233585,1
0,0.038196925,0
0,0.77100617,1
0,0.1014922,0
0,0.3909651,1
0,0.933827,1
0,0.41991422,1
0,0.9505943,1
0,0.025614504,0
0,0.2625756,1
0,0.65743643,1
0,0.8813145,1
0,0.8847343,1
0,0.9030735,1
0,0.7255462,1
0,0.7744245,1
1,0.82560235,1
0,0.8408246,1
1,0.833015,1
1,0.95798486,1
0,0.94607025,1
0,0.9108155,1
1,0.96431255,1
0,0.92703736,1
0,0.0659848,0
0,0.8276877,1
0,0.40906414,1
0,0.6140053,1
0,0.8170875,1
0,0.89039195,1
1,0.98697716,1
0,0.45271912,1
0,0.81781715,1
0,0.32416797,1
0,0.6055852,1
0,0.90328,1
0,0.25421306,1
0,0.7647639,1
0,0.14761926,0
0,0.0718805,0
0,0.28525737,1
0,0.7598969,1
0,0.5226124,1
0,0.8971517,1
0,0.88701355,1
0,0.93837637,1
0,0.26115182,1
0,0.37869135,1
0,0.9918493,1
0,0.95755106,1
0,0.604332,1
0,0.88321006,1
0,0.9097839,1
0,0.03732692,0
0,0.57296044,1
0,0.8244095,1
0,0.9717534,1
0,0.8089788,1
0,0.50654644,1
0,0.9426259,1
1,0.9103311,1
0,0.79193485,1
0,0.92210734,1
0,0.79768896,1
0,0.88463444,1
0,0.83788097,1
0,0.9955391,1
0,0.3189584,1
0,0.9087021,1
0,0.9503996,1
0,0.9573082,1
0,0.09416171,0
0,0.9630576,1
0,0.7910493,1
0,0.9560225,1
0,0.40151778,1
0,0.66989374,1
0,0.2479866,0
0,0.9822903,1
0,0.9337533,1
0,0.10684828,0
0,0.9393148,1
0,0.87415016,1
0,0.867125,1
0,0.8765862,1
0,0.16107234,0
0,0.15367839,0
0,0.84180856,1
0,0.92038155,1
0,0.92421573,1
0,0.2640098,1
0,0.9502213,1
0,0.89865834,1
0,0.8835375,1
0,0.47594517,1
0,0.86771446,1
0,0.095244534,0
0,0.016138103,0
1,0.93724155,1
0,0.01593469,0
0,0.4150845,1
0,0.34461308,1
0,0.2377409,0
0,0.71045154,1
0,0.9597274,1
0,0.33681527,1
0,0.68349165,1
0,0.20254807,0
0,0.7176249,1
0,0.9608795,1
0,0.886345,1
0,0.73039085,1
0,0.9090906,1
0,0.01250384,0
0,0.97643036,1
0,0.18044585,0
0,0.79808754,1
0,0.07640797,0
0,0.74395615,1
0,0.96413535,1
0,0.95853055,1
0,0.9801748,1
0,0.71003777,1
0,0.95420957,1
0,0.014425362,0
0,0.74032193,1
0,0.36728182,1
0,0.9500906,1
0,0.9853973,1
0,0.24808954,0
0,0.8743625,1
0,0.87844676,1
0,0.46864864,1
0,0.4138342,1
0,0.9548642,1
1,0.7757515,1
0,0.9494249,1
0,0.938526,1
0,0.9369588,1
0,0.14680862,0
0,0.3271095,1
0,0.00998703,0
0,0.7272354,1
0,0.34521356,1
0,0.9524679,1
0,0.9848124,1
0,0.6331289,1
0,0.9034013,1
0,0.82145643,1
0,0.117012486,0
0,0.06159725,0
0,0.9757498,1
0,0.83968824,1
0,0.94557065,1
0,0.9605479,1
1,0.83595216,1
0,0.8340194,1
0,0.31460032,1
0,0.9104301,1
0,0.04595246,0
0,0.9210415,1
0,0.73878145,1
0,0.020959122,0
1,0.46969774,1
0,0.043798335,0
0,0.52133054,1
0,0.84491163,1
0,0.43945616,1
0,0.96318156,1
0,0.9184475,1
0,0.5300328,1
1,0.96930695,1
0,0.8945826,1
0,0.9503085,1
0,0.008020211,0
0,0.98917717,1
0,0.014577104,0
0,0.9210064,1
0,0.7304093,1
0,0.2735212,1
0,0.18219659,0
1,0.9919012,1
0,0.8010111,1
0,0.9340497,1
0,0.05575916,0
0,0.9751697,1
0,0.88948303,1
0,0.97685266,1
1,0.627211,1
0,0.27557695,1
0,0.96000874,1
0,0.9134,1
0,0.8627779,1
0,0.9629037,1
0,0.873223,1
0,0.036081113,0
0,0.94472766,1
0,0.83498466,1
1,0.9481234,1
0,0.9750113,1
0,0.931519,1
0,0.030428689,0
0,0.83247465,1
0,0.9521541,1
0,0.79558426,1
0,0.96216947,1
0,0.90360343,1
0,0.9693587,1
0,0.9315198,1
1,0.6539991,1
0,0.63185585,1
0,0.22978482,0
0,0.46459416,1
0,0.07472636,0
0,0.9735638,1
0,0.93048674,1
0,0.88445044,1
0,0.7767459,1
0,0.038785763,0
0,0.5366663,1
0,0.72988814,1
0,0.66765505,1
0,0.075706005,0
0,0.01446961,0
0,0.9607621,1
0,0.965538,1
0,0.57621753,1
0,0.9115383,1
0,0.07120244,0
0,0.9789574,1
0,0.010096451,0
0,0.7196196,1
0,0.51744235,1
0,0.6074675,1
0,0.71302706,1
0,0.81041485,1
0,0.9844236,1
0,0.95367163,1
0,0.9262735,1
0,0.9743866,1
0,0.04130718,0
0,0.39361545,1
0,0.98883855,1
0,0.904022,1
1,0.9899004,1
0,0.8787103,1
0,0.18809123,0
1,0.05910754,0
0,0.090428375,0
0,0.59003574,1
0,0.9744778,1
0,0.99357057,1
0,0.21486361,0
0,0.75946295,1
0,0.9472359,1
1,0.37338734,1
0,0.95685136,1
0,0.8874042,1
0,0.85030043,1
0,0.27826262,1
0,0.9656282,1
0,0.15160227,0
0,0.12137805,0
0,0.94835824,1
0,0.77385885,1
0,0.56561065,1
0,0.9608388,1
0,0.6563775,1
0,0.8744523,1
0,0.36195618,1
0,0.0024830515,0
0,0.75558996,1
0,0.97299623,1
0,0.9844988,1
0,0.9749215,1
0,0.097925805,0
0,0.030265437,0
0,0.8234929,1
0,0.25777388,1
0,0.4691433,1
0,0.94145024,1
0,0.08956345,0
0,0.2393444,0
0,0.023840228,0
0,0.47064105,1
0,0.9471829,1
0,0.9427362,1
0,0.98511904,1
0,0.9396827,1
0,0.94138527,1
0,0.14447595,0
1,0.80866396,1
0,0.046228126,0
0,0.96964294,1
0,0.74802685,1
0,0.11778045,0
0,0.96191823,1
0,0.16982055,0
0,0.7576482,1
0,0.728896,1
0,0.6539362,1
0,0.78393304,1
0,0.8970337,1
0,0.76668143,1
0,0.9396001,1
1,0.9929255,1
0,0.88231426,1
0,0.2610942,1
0,0.91805047,1
0,0.9119794,1
0,0.34585023,1
0,0.83297795,1
1,0.944016,1
0,0.19173612,0
0,0.079188175,0
0,0.123745665,0
1,0.6494692,1
0,0.26875892,1
0,0.7991757,1
0,0.05858436,0
0,0.15378529,0
0,0.97447044,1
0,0.687139,1
0,0.95094705,1
0,0.9940852,1
0,0.9663893,1
0,0.9365343,1
0,0.8674437,1
0,0.9201819,1
0,0.11388519,0
0,0.9150909,1
1,0.9862235,1
0,0.9541718,1
0,0.91002876,1
0,0.25994366,1
0,0.9349499,1
1,0.89212835,1
0,0.91340315,1
0,0.95627916,1
0,0.13638617,0
0,0.70920885,1
0,0.62698,1
0,0.9905425,1
0,0.7038471,1
1,0.11920237,0
0,0.9500679,1
0,0.17149219,0
0,0.9321468,1
0,0.8472497,1
0,0.12171224,0
0,0.99616194,1
0,0.29476157,1
0,0.12860076,0
0,0.5615876,1
0,0.082016885,0
0,0.36424354,1
1,0.9691092,1
0,0.10826494,0
0,0.9667722,1
0,0.74141765,1
0,0.29721406,1
0,0.11271961,0
0,0.95419425,1
0,0.20356572,0
0,0.83278835,1
0,0.98025036,1
1,0.48610353,1
0,0.63045037,1
0,0.9230966,1
0,0.92523104,1
0,0.43169957,1
0,0.09117852,0
0,0.33966196,1
0,0.5755501,1
0,0.7695259,1
0,0.9679073,1
0,0.7183458,1
0,0.4074151,1
1,0.951334,1
0,0.84457386,1
0,0.98016584,1
0,0.95260227,1
0,0.07994869,0
0,0.26555854,1
0,0.8406076,1
0,0.97747976,1
0,0.460034,1
0,0.92788345,1
0,0.10119063,0
0,0.93605137,1
0,0.75259465,1
0,0.94513744,1
0,0.87767226,1
0,0.83721024,1
0,0.85353744,1
0,0.97515875,1
0,0.7146856,1
0,0.90649414,1
0,0.93727446,1
0,0.5063173,1
0,0.45766935,1
0,0.9516678,1
0,0.94599813,1
0,0.91499406,1
0,0.96278524,1
0,0.98783815,1
1,0.9902672,1
0,0.93098253,1
0,0.8512754,1
0,0.9011352,1
0,0.8866568,1
1,0.058610678,0
0,0.93527865,1
0,0.24415968,0
0,0.95029676,1
0,0.9859029,1
0,0.056516357,0
0,0.40639597,1
0,0.63816345,1
0,0.38114244,1
0,0.9577635,1
1,0.978377,1
0,0.9239923,1
0,0.9447312,1
0,0.5099215,1
0,0.21146013,0
0,0.2589384,1
0,0.988868,1
0,0.9779377,1
0,0.7005457,1
0,0.7513993,1
0,0.97592634,1
0,0.96889484,1
0,0.22717638,0
0,0.562695,1
0,0.9692816,1
0,0.8939126,1
0,0.9349805,1
0,0.21342821,0
0,0.71832657,1
0,0.9912697,1
0,0.97657096,1
1,0.9879153,1
0,0.9168254,1
0,0.09588456,0
0,0.9435846,1
0,0.753108,1
0,0.082629025,0
0,0.06749877,0
0,0.96015596,1
1,0.96919215,1
0,0.13345294,0
0,0.94733536,1
1,0.8883734,1
0,0.9522801,1
0,0.8910265,1
0,0.9412378,1
0,0.9515917,1
0,0.7301142,1
0,0.9349337,1
0,0.63027686,1
0,0.64483416,1
0,0.8715373,1
0,0.08920935,0
0,0.9658702,1
0,0.93133575,1
0,0.96525896,1
0,0.39773688,1
0,0.30132166,1
0,0.78044826,1
0,0.109561205,0
0,0.95955604,1
0,0.95509064,1
0,0.12519595,0
0,0.47034803,1
0,0.13867074,0
0,0.061405513,0
0,0.22858444,0
0,0.80870175,1
0,0.76639086,1
0,0.979031,1
0,0.91560656,1
0,0.8718092,1
0,0.9836713,1
0,0.92124546,1
1,0.95187694,1
0,0.9254752,1
0,0.49894556,1
1,0.94201386,1
0,0.062109143,0
0,0.14393105,0
0,0.95116687,1
0,0.9372864,1
0,0.3612661,1
0,0.6684487,1
0,0.9696922,1
0,0.77065825,1
0,0.9526027,1
0,0.8095884,1
0,0.11463637,0
0,0.8362647,1
0,0.025029063,0
0,0.96136075,1
0,0.7944859,1
0,0.86413234,1
0,0.65812755,1
0,0.025375368,0
0,0.9465836,1
0,0.7243294,1
0,0.3839338,1
0,0.046332516,0
0,0.88345635,1
0,0.86738294,1
0,0.99208754,1
0,0.93955183,1
0,0.92545825,1
1,0.13179086,0
0,0.874211,1
0,0.79318374,1
0,0.077620655,0
1,0.952917,1
0,0.044107057,0
0,0.8586932,1
0,0.955208,1
0,0.30372944,1
0,0.95871955,1
0,0.8810545,1
0,0.6935444,1
0,0.9206309,1
0,0.042990554,0
0,0.9263855,1
0,0.33920324,1
0,0.3389077,1
0,0.9374987,1
0,0.9735465,1
0,0.4161712,1
0,0.8941813,1
0,0.37989852,1
0,0.8396914,1
0,0.6402452,1
0,0.9384092,1
0,0.96424276,1
0,0.87501335,1
0,0.92599446,1
0,0.6129403,1
0,0.10754074,0
0,0.97969216,1
1,0.99421966,1
0,0.9395971,1
1,0.95957416,1
0,0.5317664,1
0,0.675841,1
1,0.9790756,1
0,0.89887345,1
0,0.6007613,1
0,0.045888774,0
0,0.019701103,0
0,0.9081075,1
0,0.7713227,1
0,0.36970723,1
1,0.05998495,0
0,0.07754492,0
0,0.061937712,0
0,0.58984077,1
0,0.020972405,0
0,0.8075555,1
0,0.6370911,1
0,0.7666811,1
0,0.99222285,1
0,0.02927591,0
0,0.4149763,1
0,0.9820057,1
0,0.03049236,0
0,0.44731447,1
0,0.5922584,1
0,0.92618066,1
0,0.66402376,1
0,0.975099,1
0,0.8347574,1
0,0.50166327,1
0,0.93695474,1
0,0.97123027,1
0,0.22642593,0
0,0.59686446,1
0,0.97629535,1
0,0.9617212,1
0,0.9860464,1
0,0.8316814,1
0,0.048091643,0
0,0.2733154,1
0,0.7971078,1
0,0.9665841,1
0,0.9270781,1
0,0.054215096,0
0,0.9166327,1
0,0.9774753,1
0,0.6818906,1
0,0.9554532,1
0,0.9067395,1
0,0.21890405,0
0,0.3009691,1
0,0.6954712,1
0,0.5634594,1
0,0.91240174,1
0,0.98706424,1
0,0.89113873,1
0,0.15185231,0
0,0.9895348,1
0,0.2750394,1
0,0.39073455,1
0,0.9709119,1
0,0.118686944,0
0,0.97965,1
0,0.923337,1
0,0.9670382,1
0,0.7208193,1
0,0.028131494,0
0,0.5427706,1
0,0.076096885,0
0,0.86509836,1
0,0.9576007,1
0,0.41333154,1
0,0.18890229,0
0,0.23301876,0
0,0.5752159,1
0,0.98459077,1
1,0.21321853,0
0,0.94646174,1
1,0.83812726,1
0,0.72239935,1
0,0.6833465,1
0,0.9570191,1
0,0.5236306,1
0,0.85706055,1
0,0.5784884,1
0,0.9064576,1
0,0.82373327,1
0,0.3627837,1
0,0.0144334445,0
0,0.74994045,1
0,0.9663373,1
0,0.40787992,1
0,0.9240963,1
0,0.9641453,1
1,0.951153,1
0,0.20474857,0
0,0.94089955,1
0,0.36104053,1
0,0.10686958,0
1,0.87869847,1
0,0.75797635,1
0,0.92650187,1
0,0.93515056,1
0,0.96863616,1
1,0.8040124,1
0,0.9351251,1
0,0.8505656,1
1,0.97554785,1
0,0.92755663,1
0,0.21465394,0
1,0.9835036,1
0,0.9660895,1
0,0.8309699,1
0,0.47313443,1
0,0.19776583,0
0,0.97989297,1
0,0.80131495,1
0,0.53922033,1
0,0.15275188,0
0,0.561273,1
0,0.95557195,1
0,0.08749135,0
0,0.09541398,0
0,0.22169419,0
1,0.4295037,1
0,0.9525707,1
0,0.03976792,0
0,0.21554784,0
1,0.2045665,0
0,0.8057328,1
0,0.7083045,1
0,0.96713704,1
0,0.11498835,0
0,0.4183383,1
0,0.20578697,0
0,0.267463,1
0,0.9668629,1
0,0.9916824,1
0,0.18577804,0
0,0.74727845,1
0,0.9279864,1
1,0.76646674,1
0,0.99021286,1
0,0.061342947,0
0,0.86954224,1
0,0.3066087,1
0,0.8746702,1
0,0.43834305,1
0,0.047494564,0
0,0.84559727,1
0,0.8818675,1
0,0.77617157,1
0,0.013289748,0
0,0.816781,1
0,0.05796914,0
0,0.9457191,1
0,0.9225256,1
0,0.81284773,1
0,0.99191004,1
0,0.7303473,1
0,0.46480638,1
0,0.87666196,1
1,0.31173363,1
0,0.25670728,1
0,0.9429651,1
0,0.98242676,1
0,0.98460084,1
0,0.8273216,1
1,0.21526234,0
0,0.79830664,1
0,0.7637257,1
0,0.17845668,0
0,0.88457453,1
0,0.7741127,1
0,0.9114762,1
0,0.98838836,1
0,0.90588176,1
0,0.082805306,0
0,0.76351637,1
0,0.29457927,1
0,0.42053872,1
0,0.9587244,1
0,0.9326277,1
0,0.72922856,1
0,0.9789933,1
0,0.076148175,0
0,0.38567638,1
0,0.07200385,0
0,0.89348173,1
0,0.815641,1
0,0.8702512,1
0,0.9414469,1
0,0.92758936,1
0,0.8610486,1
0,0.95331556,1
0,0.21628097,0
0,0.20173919,0
0,0.9781277,1
0,0.69111466,1
1,0.31647187,1
0,0.5861606,1
0,0.8416666,1
0,0.10700925,0
0,0.8867816,1
0,0.94499916,1
0,0.82071406,1
0,0.47183716,1
0,0.34649563,1
0,0.9925322,1
0,0.96383965,1
0,0.90510887,1
0,0.8640037,1
1,0.3984176,1
0,0.12019654,0
0,0.17924872,0
0,0.9532182,1
0,0.17681003,0
0,0.90501463,1
0,0.018381942,0
0,0.7537801,1
0,0.24506485,0
0,0.90995544,1
0,0.21979924,0
0,0.85515535,1
0,0.32164875,1
1,0.9445868,1
0,0.96833014,1
0,0.9867703,1
0,0.8903035,1
0,0.8166029,1
0,0.2822574,1
0,0.10909607,0
0,0.9494178,1
0,0.9397727,1
0,0.9588879,1
0,0.92115384,1
0,0.0968958,0
0,0.8821964,1
0,0.01890139,0
0,0.9822593,1
0,0.95990896,1
0,0.88901675,1
0,0.9418799,1
0,0.96587914,1
1,0.9638327,1
0,0.9837299,1
0,0.46190608,1
1,0.9179527,1
0,0.70350444,1
0,0.93687224,1
0,0.90843785,1
1,0.27405047,1
0,0.32323793,1
0,0.9784802,1
0,0.9193298,1
0,0.6114508,1
0,0.28693885,1
0,0.92753714,1
0,0.9658304,1
0,0.96549815,1
0,0.8499684,1
0,0.96390444,1
0,0.33717647,1
0,0.8092287,1
0,0.9334241,1
0,0.47923225,1
0,0.42731676,1
0,0.9382503,1
0,0.948326,1
0,0.9043004,1
0,0.8479655,1
0,0.58971685,1
0,0.10788515,0
1,0.96656525,1
0,0.9437548,1
0,0.059537556,0
0,0.30347598,1
0,0.94871736,1
0,0.95911545,1
0,0.51710105,1
0,0.86665386,1
0,0.5833659,1
0,0.8849565,1
0,0.21982308,0
0,0.9475408,1
0,0.9631071,1
0,0.95735645,1
0,0.005563592,0
0,0.9630569,1
0,0.8699098,1
0,0.95556533,1
0,0.90219223,1
0,0.7047082,1
0,0.92209065,1
0,0.88807094,1
0,0.06668049,0
0,0.9507964,1
0,0.6144457,1
0,0.22583725,0
1,0.9816258,1
0,0.5591591,1
0,0.9723361,1
0,0.9098744,1
1,0.94220823,1
0,0.6820108,1
0,0.9585653,1
1,0.95047736,1
0,0.9510406,1
0,0.8538846,1
0,0.2647064,1
0,0.9670259,1
1,0.9115434,1
0,0.21171078,0
1,0.32977012,1
0,0.39774793,1
0,0.96151865,1
0,0.90414774,1
0,0.85984486,1
1,0.9773407,1
0,0.13912539,0
0,0.8340165,1
0,0.7988202,1
0,0.5406448,1
0,0.9005123,1
0,0.27794856,1
0,0.11384874,0
0,0.8366877,1
0,0.6655107,1
0,0.9129138,1
0,0.93689924,1
0,0.9014442,1
0,0.96287495,1
0,0.9344048,1
0,0.9799452,1
0,0.26902404,1
0,0.05299316,0
0,0.90253794,1
0,0.89822406,1
0,0.88101286,1
0,0.0071091703,0
0,0.9808919,1
0,0.95364904,1
0,0.9568919,1
0,0.9223568,1
0,0.9924678,1
0,0.9515172,1
0,0.92239636,1
0,0.9843783,1
0,0.41363797,1
0,0.9053637,1
1,0.95625126,1
0,0.81696063,1
0,0.85935366,1
0,0.8426144,1
1,0.17321874,0
0,0.45514226,1
0,0.96151966,1
0,0.71330917,1
0,0.9660071,1
0,0.44108108,1
0,0.2608547,1
0,0.22006959,0
0,0.3275193,1
0,0.010511698,0
0,0.3844181,1
0,0.62784845,1
0,0.012553405,0
1,0.56886595,1
1,0.8417464,1
1,0.7582982,1
1,0.9691384,1
0,0.95598286,1
0,0.015175204,0
0,0.9282302,1
0,0.8912959,1
1,0.9925074,1
0,0.98494416,1
0,0.042757656,0
0,0.6273829,1
0,0.9771638,1
0,0.92231643,1
0,0.42997652,1
0,0.9087951,1
1,0.9661124,1
0,0.8771839,1
0,0.24389288,0
0,0.7706005,1
0,0.90980333,1
0,0.28605813,1
0,0.47364527,1
0,0.8430332,1
0,0.7786135,1
0,0.9558485,1
1,0.98182815,1
0,0.09755975,0
0,0.91323644,1
1,0.31407312,1
1,0.08653121,0
0,0.18874852,0
0,0.8953548,1
0,0.9707818,1
0,0.9834552,1
0,0.78171414,1
0,0.9662566,1
0,0.9773859,1
0,0.71583694,1
0,0.91485137,1
0,0.24712329,0
0,0.96388817,1
1,0.92561764,1
0,0.35309547,1
0,0.6502325,1
0,0.9499475,1
0,0.24631888,0
0,0.8545136,1
1,0.20796414,0
1,0.9777117,1
0,0.97061443,1
0,0.87971336,1
0,0.009889459,0
0,0.9469605,1
0,0.8805432,1
0,0.95483136,1
0,0.816956,1
0,0.41935515,1
0,0.2485532,0
0,0.9364352,1
0,0.9312461,1
0,0.09982576,0
0,0.78577393,1
1,0.9204643,1
0,0.317803,1
0,0.02932061,0
0,0.3908202,1
0,0.020699775,0
0,0.7365081,1
0,0.7899515,1
0,0.04067322,0
0,0.8383571,1
0,0.89273894,1
0,0.9813783,1
0,0.8113303,1
0,0.4805769,1
0,0.9881144,1
0,0.9619364,1
1,0.9863701,1
0,0.9052711,1
1,0.8012407,1
0,0.11694666,0
0,0.034748953,0
0,0.9439614,1
0,0.8268973,1
0,0.9623855,1
0,0.40211558,1
0,0.4552411,1
0,0.9758276,1
0,0.91804713,1
0,0.9322359,1
0,0.95889544,1
0,0.40239918,1
1,0.39886364,1
0,0.0860152,0
0,0.21451707,0
0,0.8465618,1
0,0.8371647,1
0,0.94746697,1
0,0.9531101,1
0,0.97437435,1
0,0.039281294,0
0,0.20309798,0
1,0.27612266,1
0,0.69274294,1
0,0.9534986,1
0,0.9673301,1
0,0.9689895,1
0,0.9041507,1
0,0.9145228,1
0,0.9797412,1
0,0.06739499,0
1,0.8910048,1
0,0.7193005,1
0,0.84712803,1
0,0.25662455,1
0,0.11200628,0
0,0.95470273,1
0,0.87117976,1
0,0.92395186,1
0,0.81620723,1
0,0.9573432,1
0,0.12057324,0
0,0.8572051,1
0,0.79651004,1
0,0.9453931,1
0,0.9665168,1
0,0.37301588,1
0,0.5927413,1
0,0.049815863,0
0,0.8920044,1
0,0.29788703,1
0,0.85685545,1
0,0.92376596,1
0,0.93627757,1
0,0.87119323,1
0,0.91164535,1
1,0.9761738,1
0,0.92039144,1
0,0.8679232,1
0,0.9827003,1
0,0.98117346,1
0,0.9371307,1
0,0.71131307,1
0,0.30083475,1
0,0.93164074,1
0,0.9257252,1
0,0.15637957,0
0,0.7046903,1
1,0.95028394,1
0,0.124858275,0
0,0.0833002,0
0,0.9077357,1
0,0.061675426,0
0,0.952298,1
0,0.9611341,1
0,0.9729926,1
0,0.06337069,0
0,0.92367065,1
0,0.82730067,1
0,0.9518366,1
0,0.97352165,1
0,0.9805228,1
0,0.7973495,1
0,0.14857028,0
0,0.9924624,1
1,0.83299387,1
0,0.98545223,1
0,0.93100613,1
0,0.6031869,1
0,0.87556344,1
0,0.97336406,1
0,0.7547854,1
0,0.9380912,1
0,0.8765357,1
0,0.6119715,1
0,0.08465907,0
0,0.8555825,1
0,0.23764591,0
0,0.022220826,0
0,0.2998171,1
0,0.72074324,1
0,0.96260613,1
0,0.95729715,1
0,0.83590555,1
0,0.19676584,0
0,0.963041,1
0,0.59297365,1
0,0.37243006,1
0,0.9685032,1
0,0.9582053,1
0,0.8072984,1
0,0.50546646,1
0,0.8501811,1
0,0.8872977,1
0,0.21684667,0
0,0.03817269,0
0,0.7169821,1
1,0.9473561,1
0,0.98008305,1
0,0.9737554,1
1,0.8800994,1
0,0.90609133,1
0,0.14759673,0
0,0.7918754,1
0,0.58611953,1
0,0.014134323,0
0,0.23043773,0
0,0.25035357,1
0,0.77291137,1
0,0.8593081,1
0,0.9685553,1
0,0.036379773,0
0,0.4398713,1
0,0.96847636,1
0,0.2717905,1
0,0.71220374,1
0,0.97913194,1
0,0.40877998,1
0,0.91867906,1
0,0.17628944,0
0,0.8324791,1
0,0.9530674,1
0,0.26137832,1
0,0.44530967,1
1,0.9805996,1
0,0.94013274,1
0,0.28462645,1
0,0.41370592,1
0,0.042728867,0
0,0.9637113,1
0,0.9745403,1
0,0.074981816,0
0,0.96035635,1
0,0.7436219,1
0,0.933463,1
0,0.6193747,1
0,0.04066679,0
0,0.8538996,1
0,0.4890987,1
0,0.9715456,1
0,0.8531955,1
0,0.7989879,1
0,0.9763555,1
0,0.93284607,1
0,0.91842264,1
0,0.45561513,1
0,0.94932413,1
0,0.3479201,1
0,0.082837075,0
0,0.85839677,1
0,0.5273938,1
0,0.89790624,1
0,0.18241316,0
0,0.9178157,1
0,0.37382334,1
0,0.49177116,1
0,0.021125514,0
0,0.20641276,0
0,0.9908042,1
0,0.050497044,0
0,0.9795964,1
0,0.9366533,1
0,0.71024036,1
0,0.1311619,0
0,0.9814139,1
0,0.07055545,0
0,0.37227762,1
0,0.90220875,1
0,0.93762463,1
0,0.91430706,1
0,0.57031256,1
0,0.67374533,1
0,0.24446724,0
0,0.74336225,1
0,0.94632894,1
0,0.7967172,1
0,0.9473627,1
0,0.7204128,1
0,0.61213243,1
1,0.33362374,1
0,0.9781989,1
0,0.35194212,1
0,0.27265427,1
0,0.932869,1
0,0.956878,1
0,0.8628179,1
0,0.97078204,1
0,0.9267228,1
0,0.9758504,1
0,0.9766604,1
0,0.0034029812,0
0,0.8765091,1
1,0.17132203,0
0,0.84602517,1
0,0.8832644,1
0,0.9540612,1
0,0.8923359,1
0,0.47994745,1
0,0.8495692,1
0,0.7693328,1
0,0.65662813,1
0,0.024426375,0
1,0.95160085,1
0,0.81093895,1
0,0.32476804,1
0,0.35205612,1
0,0.32113075,1
0,0.24061055,0
0,0.94437164,1
0,0.28376988,1
0,0.058030747,0
0,0.22820188,0
0,0.9958534,1
0,0.7360556,1
0,0.9678096,1
0,0.7393171,1
0,0.031624522,0
0,0.015503414,0
0,0.83317834,1
0,0.5007159,1
0,0.026996471,0
0,0.34446117,1
0,0.8048081,1
0,0.96238524,1
0,0.8557672,1
0,0.9386444,1
0,0.05179095,0
0,0.99074733,1
0,0.8653143,1
0,0.9466567,1
1,0.936631,1
0,0.9366438,1
0,0.2686336,1
0,0.386043,1
0,0.8969698,1
0,0.092771664,0
0,0.6696998,1
0,0.6912664,1
0,0.8092084,1
0,0.97345144,1
0,0.63122207,1
0,0.9595439,1
0,0.07757955,0
0,0.6342665,1
0,0.6536249,1
0,0.04019441,0
1,0.74470866,1
0,0.8366724,1
1,0.9289602,1
1,0.9507948,1
0,0.8444064,1
0,0.99172795,1
1,0.41061065,1
0,0.50819397,1
0,0.85874516,1
0,0.92685014,1
0,0.9862927,1
0,0.94616234,1
0,0.95092773,1
0,0.0718223,0
0,0.86740285,1
0,0.8855329,1
0,0.87830865,1
0,0.6611218,1
0,0.72474104,1
0,0.9859336,1
0,0.09090304,0
0,0.96525437,1
0,0.9705201,1
0,0.6805231,1
0,0.085015625,0
0,0.95840013,1
0,0.13488977,0
0,0.4902512,1
1,0.71533114,1
0,0.5042204,1
0,0.8927327,1
0,0.055414952,0
0,0.7976804,1
0,0.9902046,1
0,0.9395443,1
0,0.11553071,0
0,0.86991864,1
0,0.8344087,1
0,0.93016374,1
0,0.928899,1
0,0.4759334,1
1,0.7796069,1
1,0.926279,1
0,0.83054084,1
0,0.9369513,1
0,0.91462696,1
0,0.5195978,1
0,0.024005294,0
0,0.81419927,1
0,0.9332411,1
0,0.15422481,0
0,0.878743,1
0,0.9675125,1
0,0.94295067,1
0,0.991284,1
0,0.17707278,0
0,0.08775549,0
0,0.8968597,1
0,0.8524518,1
0,0.22882569,0
0,0.95939684,1
0,0.2678516,1
0,0.03164557,0
1,0.98284274,1
0,0.9757696,1
0,0.5251515,1
0,0.9889165,1
0,0.8886373,1
0,0.2137579,0
0,0.7629783,1
0,0.67428505,1
0,0.7366376,1
0,0.97250336,1
0,0.033575594,0
1,0.8863888,1
0,0.8865859,1
0,0.6846805,1
0,0.94894797,1
0,0.945961,1
0,0.87496656,1
0,0.976942,1
0,0.03485689,0
0,0.9757474,1
0,0.043576792,0
0,0.70747775,1
0,0.96778095,1
0,0.93687594,1
0,0.02681773,0
0,0.943334,1
0,0.31579527,1
0,0.93396735,1
0,0.9018028,1
0,0.19494961,0
0,0.95847404,1
0,0.93809474,1
0,0.1465531,0
0,0.31362242,1
0,0.9226559,1
0,0.80107886,1
0,0.91363883,1
0,0.7197865,1
0,0.87323534,1
0,0.61995375,1
0,0.9141528,1
0,0.3995863,1
0,0.953788,1
0,0.25529587,1
0,0.9105924,1
0,0.14535461,0
0,0.70941895,1
1,0.37824306,1
0,0.9386775,1
0,0.8310235,1
0,0.66021806,1
0,0.099602915,0
0,0.4549797,1
0,0.07904032,0
0,0.8106499,1
0,0.97869146,1
0,0.7862624,1
0,0.5522412,1
0,0.039376453,0
0,0.7036679,1
0,0.97210795,1
0,0.9175351,1
0,0.45895085,1
1,0.2730924,1
0,0.585937,1
0,0.012050009,0
0,0.5148355,1
0,0.36907247,1
0,0.8761369,1
0,0.7263226,1
0,0.14373365,0
0,0.929743,1
0,0.07199772,0
0,0.8872637,1
0,0.5670076,1
0,0.739773,1
0,0.9024086,1
0,0.7505608,1
0,0.023037778,0
0,0.9192846,1
0,0.9726326,1
1,0.9324535,1
0,0.46807292,1
0,0.2627132,1
0,0.96454686,1
0,0.724763,1
0,0.18336605,0
0,0.2905657,1
0,0.78817976,1
0,0.96596164,1
0,0.529126,1
0,0.2709539,1
1,0.91705936,1
0,0.9894162,1
1,0.99179125,1
0,0.99467874,1
0,0.5035108,1
0,0.20547031,0
0,0.0726259,0
0,0.9913231,1
0,0.9718704,1
1,0.8909553,1
0,0.8600776,1
0,0.23455726,0
1,0.06065002,0
0,0.30939546,1
0,0.9683602,1
0,0.9279263,1
0,0.50713164,1
0,0.7987745,1
0,0.7475798,1
0,0.63563114,1
0,0.09425338,0
0,0.094741605,0
0,0.9492969,1
0,0.040314045,0
0,0.9703312,1
0,0.9442579,1
0,0.19303446,0
0,0.9860432,1
0,0.15239882,0
0,0.9448532,1
0,0.75835353,1
0,0.9666453,1
0,0.8184091,1
0,0.07111144,0
0,0.84065545,1
0,0.9328171,1
0,0.8399455,1
0,0.9542365,1
0,0.97475475,1
0,0.97793865,1
0,0.47272733,1
0,0.92119884,1
0,0.22631119,0
0,0.9391459,1
0,0.53179204,1
0,0.135825,0
0,0.61701536,1
0,0.07380945,0
0,0.951544,1
1,0.95291877,1
0,0.9847586,1
1,0.9254323,1
0,0.15491322,0
0,0.9262457,1
1,0.88889575,1
0,0.5182963,1
0,0.13410807,0
0,0.14101027,0
0,0.99076825,1
0,0.9632511,1
0,0.4970155,1
0,0.9235777,1
0,0.9496268,1
0,0.81155884,1
0,0.8961783,1
1,0.98828775,1
0,0.7707345,1
0,0.75931484,1
1,0.9842226,1
0,0.9225954,1
0,0.92305607,1
0,0.0973601,0
0,0.87986416,1
0,0.9384253,1
0,0.9723736,1
0,0.83755314,1
0,0.946721,1
0,0.048527833,0
0,0.859529,1
0,0.040599056,0
0,0.98263574,1
0,0.92936015,1
0,0.9810512,1
0,0.2970427,1
0,0.5807863,1
0,0.3128078,1
0,0.3950787,1
0,0.66964805,1
0,0.34394607,1
0,0.4156641,1
0,0.9800062,1
0,0.73630655,1
0,0.8846077,1
0,0.99289775,1
0,0.94779515,1
0,0.912964,1
0,0.9482071,1
0,0.9160001,1
0,0.9795903,1
0,0.70200187,1
0,0.7244211,1
0,0.92055875,1
0,0.10787895,0
0,0.6465753,1
0,0.9921185,1
0,0.82551825,1
0,0.0402927,0
0,0.96911097,1
1,0.8993375,1
0,0.85667205,1
0,0.9531086,1
0,0.6554064,1
0,0.8930352,1
0,0.07470726,0
0,0.038488146,0
0,0.91691923,1
0,0.13166706,0
0,0.8680404,1
0,0.0017059197,0
0,0.9940018,1
0,0.95598567,1
0,0.92660356,1
0,0.45853058,1
1,0.9621999,1
0,0.9767596,1
0,0.96380025,1
1,0.95606935,1
0,0.12430661,0
0,0.7918758,1
0,0.9814886,1
0,0.82422554,1
0,0.060621336,0
0,0.9121781,1
0,0.93782264,1
1,0.76825035,1
0,0.91233516,1
0,0.15714784,0
0,0.4906212,1
0,0.44515067,1
1,0.9639942,1
0,0.18472937,0
0,0.9707272,1
0,0.94973105,1
0,0.8759516,1
0,0.7736366,1
0,0.9718202,1
0,0.39665404,1
0,0.9408064,1
0,0.96440965,1
0,0.27691513,1
0,0.9134747,1
0,0.096636735,0
0,0.015778132,0
0,0.28669545,1
0,0.85086656,1
0,0.37784255,1
0,0.98849005,1
0,0.95947987,1
0,0.9060509,1
0,0.89704955,1
0,0.04626432,0
0,0.81462103,1
0,0.8600925,1
0,0.09341953,0
0,0.69535106,1
1,0.98218024,1
0,0.9673391,1
0,0.10561043,0
0,0.32701686,1
0,0.9849296,1
0,0.96924937,1
0,0.9482785,1
0,0.96840656,1
0,0.9153027,1
0,0.12461347,0
0,0.5676025,1
0,0.07509568,0
0,0.9915466,1
1,0.87032425,1
0,0.96887547,1
0,0.9490142,1
0,0.20267701,0
0,0.18899992,0
0,0.07610386,0
0,0.91976213,1
0,0.9479348,1
0,0.96204287,1
0,0.20762858,0
0,0.38904086,1
0,0.9465611,1
0,0.82765746,1
0,0.7724501,1
0,0.94876754,1
0,0.32310176,1
0,0.92717505,1
0,0.6187102,1
0,0.48709014,1
0,0.938165,1
0,0.011088012,0
0,0.34702268,1
0,0.9433235,1
0,0.24752785,0
0,0.39563364,1
0,0.039138366,0
0,0.20806496,0
0,0.03455235,0
0,0.2689243,1
0,0.8604172,1
0,0.92964685,1
0,0.2231991,0
0,0.8948908,1
0,0.09998807,0
0,0.95211023,1
0,0.4579345,1
0,0.98444945,1
0,0.13902272,0
0,0.59719086,1
0,0.9476431,1
0,0.82679796,1
0,0.082779236,0
0,0.074819006,0
0,0.7436491,1
0,0.9246167,1
0,0.12894411,0
0,0.09683991,0
1,0.9012903,1
0,0.9258468,1
0,0.02358467,0
0,0.1674364,0
0,0.95201814,1
0,0.96057695,1
1,0.9711049,1
0,0.92533326,1
0,0.9753336,1
0,0.9368818,1
0,0.9223856,1
0,0.38986304,1
0,0.24510263,0
0,0.953225,1
0,0.99217767,1
0,0.9753659,1
0,0.92512095,1
0,0.6785524,1
0,0.9844306,1
0,0.94593185,1
0,0.20052508,0
0,0.6327024,1
0,0.9444561,1
0,0.85779756,1
0,0.1922188,0
0,0.122911476,0
0,0.98521703,1
0,0.34926948,1
0,0.8521885,1
0,0.14883345,0
0,0.9314166,1
0,0.9807308,1
0,0.10748397,0
0,0.8310198,1
0,0.030539047,0
0,0.9209723,1
0,0.89065754,1
0,0.61502564,1
0,0.10672144,0
0,0.24283297,0
0,0.6120379,1
0,0.9925605,1
0,0.68843645,1
0,0.9288315,1
1,0.9632396,1
0,0.9622102,1
0,0.023337526,0
0,0.9482092,1
0,0.39964622,1
0,0.95134896,1
0,0.3177072,1
0,0.9865001,1
0,0.89473647,1
0,0.82879937,1
0,0.91829145,1
0,0.95351195,1
1,0.9093589,1
0,0.07225603,0
0,0.9389495,1
0,0.81289166,1
0,0.6265777,1
0,0.13206406,0
0,0.9435789,1
0,0.026533054,0
0,0.061764337,0
0,0.9055696,1
0,0.014551544,0
0,0.88103575,1
0,0.9709273,1
0,0.98668414,1
0,0.44873255,1
1,0.98739094,1
0,0.98162824,1
0,0.90918577,1
0,0.8617232,1
0,0.9817062,1
0,0.70695263,1
0,0.16124067,0
0,0.29171973,1
0,0.574253,1
0,0.92625695,1
0,0.00561615,0
0,0.4204333,1
0,0.8856953,1
0,0.5821767,1
1,0.980719,1
0,0.9045517,1
0,0.977099,1
0,0.80078524,1
0,0.9423021,1
0,0.98926324,1
0,0.96712077,1
0,0.8817142,1
0,0.014674413,0
0,0.97832423,1
0,0.051588908,0
0,0.22101118,0
0,0.9227192,1
0,0.9239592,1
0,0.97097206,1
0,0.9658166,1
1,0.41586906,1
0,0.8716302,1
0,0.30210322,1
0,0.9335575,1
0,0.69218624,1
1,0.9154593,1
0,0.9209749,1
0,0.55891186,1
0,0.8633475,1
0,0.13033423,0
0,0.12911612,0
0,0.9040244,1
0,0.39347935,1
0,0.93569934,1
0,0.9710358,1
0,0.9502,1
0,0.5442523,1
0,0.05455774,0
0,0.6237905,1
0,0.4949158,1
0,0.9910671,1
1,0.3587424,1
0,0.30963218,1
0,0.85706514,1
0,0.9448354,1
0,0.1263965,0
0,0.1540157,0
1,0.9743231,1
0,0.98399943,1
0,0.89329547,1
0,0.8015029,1
0,0.9318027,1
0,0.8348089,1
1,0.92533094,1
0,0.978824,1
0,0.041211635,0
0,0.9828279,1
0,0.13871567,0
1,0.9476065,1
0,0.0965789,0
0,0.23265517,0
0,0.3447688,1
0,0.92497027,1
0,0.694568,1
0,0.9734082,1
0,0.9177848,1
0,0.861905,1
0,0.96531206,1
0,0.9237475,1
0,0.10663067,0
0,0.96927357,1
1,0.9902637,1
1,0.921835,1
0,0.78786194,1
1,0.988842,1
0,0.97834504,1
0,0.8733098,1
0,0.042653702,0
0,0.7828958,1
0,0.1828123,0
0,0.92358035,1
0,0.9078533,1
0,0.94806427,1
0,0.16000658,0
0,0.99079144,1
0,0.92196935,1
0,0.050832212,0
0,0.94056875,1
1,0.02230226,0
0,0.97605807,1
0,0.93427193,1
0,0.4951048,1
0,0.08587382,0
0,0.96810406,1
0,0.8807963,1
0,0.84405494,1
0,0.16280505,0
0,0.1333588,0
0,0.96249115,1
0,0.5580625,1
0,0.04025204,0
0,0.9894923,1
1,0.058881428,0
0,0.8865497,1
0,0.45556659,1
0,0.44359747,1
0,0.9571525,1
0,0.2933189,1
0,0.055746406,0
0,0.009297803,0
0,0.9433024,1
0,0.09345128,0
0,0.7685424,1
0,0.96847826,1
0,0.9773976,1
0,0.919009,1
0,0.8668308,1
0,0.2280789,0
0,0.025683675,0
0,0.5602363,1
0,0.14643198,0
0,0.24965109,0
0,0.23033907,0
0,0.8580556,1
1,0.85134596,1
0,0.049710453,0
0,0.9382642,1
1,0.9251719,1
0,0.9367995,1
0,0.17646948,0
0,0.9611987,1
0,0.98516786,1
0,0.90863585,1
0,0.9629104,1
0,0.9713307,1
0,0.92416483,1
0,0.95860636,1
0,0.96877205,1
0,0.9809965,1
0,0.60449,1
0,0.8344724,1
0,0.79582256,1
0,0.50560397,1
0,0.84407014,1
0,0.9548355,1
0,0.93546027,1
0,0.047208376,0
0,0.956715,1
0,0.95999664,1
0,0.82804596,1
0,0.9760761,1
1,0.9620059,1
1,0.9789128,1
0,0.7880982,1
0,0.028396131,0
0,0.2781253,1
0,0.56581646,1
0,0.9655559,1
0,0.89487964,1
0,0.96512824,1
0,0.37734726,1
0,0.98757577,1
0,0.31181788,1
0,0.45068815,1
1,0.27299678,1
0,0.7971248,1
0,0.59839165,1
0,0.9837314,1
0,0.83914006,1
0,0.9294733,1
0,0.9570405,1
0,0.3986812,1
0,0.61125726,1
0,0.9704934,1
0,0.6977876,1
0,0.39730245,1
0,0.9293081,1
0,0.15594713,0
0,0.9500552,1
0,0.7666963,1
0,0.9537012,1
0,0.93900263,1
0,0.44356912,1
0,0.014993945,0
0,0.04232001,0
0,0.20775433,0
0,0.60625345,1
0,0.86243784,1
0,0.9780201,1
0,0.87169975,1
0,0.47310844,1
0,0.62297696,1
0,0.78826064,1
0,0.41797084,1
0,0.87298983,1
0,0.6164037,1
0,0.715697,1
0,0.05391051,0
0,0.75166786,1
0,0.9488433,1
0,0.96680933,1
0,0.89435315,1
0,0.94351435,1
0,0.16398238,0
0,0.19993477,0
0,0.1941687,0
0,0.38476792,1
0,0.9878796,1
0,0.8894219,1
0,0.36853984,1
0,0.84572715,1
0,0.97052854,1
0,0.95216274,1
0,0.8120292,1
0,0.7174544,1
0,0.97856414,1
0,0.844138,1
0,0.09746803,0
0,0.4459928,1
0,0.40670455,1
0,0.6257245,1
0,0.45056722,1
1,0.35418463,1
0,0.3771569,1
0,0.587481,1
0,0.9843239,1
0,0.9235224,1
0,0.31357527,1
0,0.86063576,1
0,0.970021,1
0,0.15278804,0
0,0.94908196,1
0,0.89450264,1
1,0.6928929,1
0,0.3505802,1
0,0.6056023,1
0,0.9395718,1
0,0.21370555,0
0,0.95906675,1
0,0.15195112,0
0,0.92298436,1
0,0.98324436,1
0,0.4814062,1
0,0.9286234,1
0,0.86036485,1
0,0.5382732,1
0,0.40108076,1
0,0.9793504,1
0,0.92357856,1
1,0.9451946,1
0,0.9906351,1
0,0.98110205,1
0,0.92831343,1
1,0.90369064,1
0,0.20972323,0
0,0.30886993,1
0,0.8814664,1
0,0.14416873,0
0,0.11261094,0
0,0.96938354,1
0,0.46633413,1
0,0.118416704,0
0,0.9639181,1
0,0.7782363,1
0,0.86841655,1
0,0.92910343,1
0,0.91615945,1
0,0.94328576,1
0,0.942697,1
0,0.9475269,1
0,0.18496697,0
0,0.88371646,1
0,0.98246336,1
0,0.96674615,1
0,0.93979824,1
0,0.96545994,1
0,0.77344656,1
0,0.95584583,1
0,0.71131504,1
0,0.9944178,1
0,0.01671829,0
0,0.8716865,1
0,0.87274283,1
0,0.9581307,1
0,0.95763963,1
0,0.88476825,1
0,0.794429,1
0,0.8479121,1
0,0.84329253,1
0,0.87576574,1
0,0.61103827,1
0,0.8093107,1
0,0.9485727,1
0,0.98321104,1
0,0.90915954,1
0,0.18780948,0
0,0.7100849,1
0,0.5336409,1
0,0.9700702,1
0,0.11165255,0
0,0.23111242,0
0,0.14737411,0
0,0.86653984,1
0,0.51822495,1
0,0.31995916,1
0,0.8756511,1
0,0.8633173,1
0,0.9177427,1
0,0.71942675,1
0,0.9748058,1
0,0.9684146,1
0,0.952506,1
0,0.5546346,1
0,0.83022183,1
0,0.91862804,1
0,0.3264542,1
0,0.25179204,1
0,0.96472,1
0,0.9458039,1
0,0.79816824,1
0,0.95757675,1
0,0.8316833,1
0,0.6108857,1
0,0.7776424,1
0,0.955684,1
1,0.8431808,1
0,0.19242914,0
0,0.96321523,1
1,0.9385322,1
0,0.39399913,1
0,0.7316514,1
0,0.17790398,0
1,0.89700127,1
0,0.09920562,0
0,0.96732986,1
0,0.4877071,1
0,0.9597726,1
0,0.062601835,0
0,0.2745425,1
0,0.8725055,1
0,0.9447406,1
0,0.0759478,0
0,0.9884235,1
0,0.5046733,1
0,0.74336773,1
0,0.2503909,1
0,0.9659106,1
0,0.83467406,1
0,0.041807383,0
1,0.98882806,1
0,0.774884,1
0,0.98961115,1
0,0.9293435,1
0,0.9285428,1
0,0.9036571,1
0,0.9604409,1
0,0.75413346,1
0,0.13223775,0
1,0.98885226,1
0,0.116469346,0
0,0.98331624,1
0,0.9289295,1
0,0.81555784,1
0,0.93843555,1
0,0.022943422,0
0,0.8930884,1
0,0.345656,1
0,0.4378039,1
0,0.9210897,1
0,0.9214602,1
0,0.7477789,1
0,0.94486076,1
0,0.96028036,1
0,0.9590874,1
0,0.6254952,1
0,0.83619124,1
0,0.6498049,1
0,0.81971174,1
0,0.106246196,0
0,0.8926855,1
0,0.19870432,0
0,0.9410555,1
0,0.9056688,1
0,0.9474554,1
0,0.8898242,1
0,0.94137347,1
0,0.92686355,1
0,0.09831122,0
0,0.9650962,1
0,0.95716006,1
0,0.8323556,1
0,0.95341724,1
0,0.32253334,1
0,0.115802586,0
0,0.7460193,1
0,0.98827565,1
0,0.7942799,1
0,0.9795616,1
0,0.12649553,0
0,0.9370413,1
0,0.14922579,0
0,0.616179,1
0,0.83983296,1
0,0.9668043,1
0,0.9845293,1
1,0.8705362,1
0,0.5936884,1
0,0.032801855,0
0,0.027022837,0
0,0.07798827,0
0,0.9619617,1
0,0.9129865,1
0,0.9369548,1
0,0.9751168,1
1,0.98598075,1
0,0.95294195,1
0,0.93346196,1
0,0.004827447,0
0,0.9639915,1
0,0.9246228,1
0,0.0077569974,0
0,0.95871955,1
0,0.7113271,1
0,0.9217343,1
1,0.9779587,1
0,0.27109385,1
0,0.9716421,1
0,0.9596992,1
0,0.49307987,1
0,0.5052986,1
0,0.8977246,1
0,0.8683604,1
0,0.91765225,1
0,0.16188978,0
0,0.18628731,0
0,0.9494249,1
0,0.90475756,1
0,0.7531738,1
0,0.8321206,1
0,0.26433256,1
0,0.9874992,1
1,0.106722705,0
0,0.8855619,1
0,0.15814336,0
0,0.06333626,0
0,0.3477423,1
0,0.07849403,0
0,0.9302805,1
0,0.6571765,1
0,0.85369754,1
0,0.93265617,1
0,0.04313251,0
0,0.0068380525,0
0,0.91767687,1
0,0.970991,1
0,0.020048613,0
0,0.10973228,0
0,0.85063475,1
0,0.70149493,1
0,0.9606351,1
0,0.98213404,1
0,0.7659955,1
1,0.6644235,1
0,0.8786158,1
0,0.0032826818,0
0,0.91666967,1
0,0.22625959,0
0,0.43603238,1
0,0.8279819,1
0,0.96219563,1
0,0.77078336,1
0,0.581999,1
0,0.98193085,1
0,0.41614023,1
0,0.83219725,1
0,0.43910083,1
0,0.87493205,1
0,0.91389245,1
0,0.8807772,1
0,0.6434092,1
0,0.84778816,1
0,0.83853644,1
0,0.67428464,1
0,0.82837373,1
0,0.93107307,1
0,0.9555626,1
0,0.91311735,1
0,0.07460365,0
0,0.94398326,1
0,0.93660885,1
1,0.07124242,0
0,0.19514026,0
0,0.09397412,0
0,0.7351316,1
0,0.34572962,1
0,0.18152708,0
0,0.8702545,1
0,0.0503894,0
0,0.8898177,1
0,0.8430952,1
0,0.8892232,1
0,0.92886627,1
0,0.44747338,1
0,0.9487061,1
0,0.9516259,1
0,0.93170357,1
0,0.94942945,1
0,0.7656696,1
0,0.97905207,1
0,0.50888073,1
0,0.6909081,1
0,0.67280436,1
0,0.9167305,1
0,0.4617731,1
0,0.9542696,1
0,0.9562556,1
0,0.9379454,1
0,0.019395754,0
0,0.93447745,1
0,0.9503823,1
0,0.18155506,0
0,0.026503932,0
0,0.58460766,1
0,0.96428853,1
0,0.23580767,0
1,0.9764214,1
1,0.3303769,1
0,0.14907107,0
0,0.88215524,1
0,0.73749465,1
0,0.8797729,1
0,0.980995,1
0,0.9713032,1
0,0.015774446,0
0,0.98662716,1
0,0.94056654,1
0,0.17328772,0
0,0.9673601,1
0,0.7938704,1
1,0.9704019,1
0,0.040858384,0
0,0.5867039,1
0,0.8873751,1
0,0.74838334,1
0,0.9431044,1
0,0.98922616,1
0,0.9233266,1
0,0.3764949,1
0,0.063932166,0
0,0.6594278,1
0,0.830834,1
0,0.9765669,1
0,0.7681248,1
0,0.011314682,0
0,0.79701877,1
0,0.51257926,1
0,0.85096717,1
0,0.13762097,0
0,0.10352002,0
0,0.3301863,1
0,0.41701823,1
0,0.84315157,1
0,0.9603803,1
0,0.637343,1
0,0.93636745,1
0,0.8153619,1
0,0.90312207,1
0,0.92628044,1
0,0.67655605,1
0,0.77747244,1
0,0.1101464,0
0,0.87063724,1
0,0.99269706,1
0,0.29989234,1
0,0.28701204,1
0,0.9494716,1
0,0.37223414,1
0,0.87662005,1
0,0.36884397,1
0,0.82265437,1
0,0.71950436,1
0,0.9585688,1
0,0.99033105,1
0,0.9193088,1
1,0.99059993,1
0,0.019535827,0
0,0.2922341,1
0,0.5204589,1
0,0.91482174,1
0,0.7183148,1
0,0.89837396,1
0,0.20853643,0
0,0.6639077,1
0,0.08040729,0
0,0.47362536,1
0,0.7069759,1
0,0.9289088,1
1,0.9804041,1
0,0.56964535,1
0,0.9364433,1
0,0.28041714,1
1,0.90703934,1
0,0.0008151741,0
0,0.9320198,1
0,0.9009807,1
0,0.8725703,1
1,0.98676455,1
0,0.04065925,0
0,0.20367533,0
0,0.59834486,1
1,0.09001541,0
0,0.6256488,1
0,0.89898926,1
1,0.9478595,1
0,0.94907683,1
0,0.11408236,0
1,0.9639625,1
0,0.0750241,0
0,0.024117103,0
0,0.9829237,1
0,0.5302878,1
0,0.8560742,1
0,0.9600197,1
0,0.9759989,1
0,0.042130254,0
0,0.9770732,1
0,0.4507146,1
0,0.57804954,1
0,0.034644585,0
0,0.84538347,1
0,0.6667773,1
0,0.48256263,1
0,0.812776,1
0,0.3738456,1
0,0.11448636,0
0,0.13647513,0
0,0.9195222,1
0,0.31663188,1
0,0.9883741,1
0,0.5895181,1
0,0.9870853,1
0,0.80323267,1
0,0.42826977,1
0,0.23057514,0
0,0.9060889,1
0,9.453245e-05,0
0,0.9710277,1
0,0.98403823,1
0,0.9200888,1
0,0.95517635,1
0,0.8757402,1
0,0.99115795,1
0,0.33415636,1
0,0.7675907,1
0,0.9566481,1
1,0.95797163,1
0,0.010866152,0
0,0.5515608,1
0,0.45800585,1
0,0.82451314,1
0,0.010324356,0
0,0.43790257,1
0,0.1562632,0
0,0.5451914,1
0,0.35982615,1
1,0.8689638,1
0,0.02072608,0
0,0.96686524,1
0,0.6769285,1
0,0.07404243,0
0,0.048395384,0
0,0.5322597,1
0,0.64542794,1
0,0.8299215,1
0,0.32853636,1
0,0.024887225,0
0,0.6004866,1
0,0.98358005,1
0,0.65390784,1
0,0.41682127,1
0,0.9765901,1
0,0.048000935,0
1,0.97165954,1
0,0.51810193,1
0,0.8894044,1
0,0.074662656,0
0,0.9397422,1
0,0.22929335,0
1,0.86156654,1
0,0.24656036,0
0,0.90560573,1
0,0.38819075,1
0,0.12512434,0
0,0.21252742,0
0,0.36069137,1
1,0.98227274,1
0,0.5610302,1
0,0.8556798,1
0,0.84317017,1
0,0.35947657,1
0,0.9525046,1
0,0.88755304,1
0,0.64511853,1
0,0.85847676,1
1,0.965145,1
0,0.3039423,1
0,0.90057486,1
0,0.9617915,1
0,0.9255962,1
0,0.962614,1
0,0.031120026,0
0,0.2105906,0
0,0.97062397,1
0,0.12814324,0
0,0.95296705,1
0,0.9000724,1
0,0.9558592,1
1,0.03127162,0
0,0.8995754,1
1,0.11935641,0
0,0.98940593,1
0,0.10128903,0
0,0.98784083,1
0,0.9274869,1
0,0.40975705,1
0,0.2137421,0
0,0.23401326,0
0,0.19083951,0
0,0.89996445,1
0,0.5287768,1
0,0.013469447,0
0,0.0071521928,0
0,0.9335856,1
1,0.97630626,1
0,0.9149345,1
0,0.9639048,1
0,0.94155043,1
0,0.13582836,0
0,0.5491194,1
0,0.8445043,1
0,0.9442829,1
0,0.9396684,1
0,0.015636623,0
0,0.29116547,1
1,0.6024025,1
0,0.92719084,1
0,0.32234427,1
1,0.9279403,1
0,0.7707356,1
0,0.022537535,0
0,0.9103566,1
0,0.7787245,1
0,0.33450887,1
0,0.05941884,0
0,0.08412323,0
0,0.092286035,0
0,0.9577154,1
0,0.97016734,1
0,0.9066323,1
0,0.98621815,1
0,0.30250326,1
0,0.98750615,1
0,0.7035977,1
1,0.19097996,0
0,0.85730135,1
0,0.81850624,1
0,0.21111557,0
0,0.62797815,1
0,0.99015146,1
0,0.6133197,1
0,0.9620697,1
0,0.95573497,1
0,0.1401034,0
0,0.9564474,1
0,0.88823926,1
0,0.30278477,1
0,0.96479845,1
0,0.28619108,1
0,0.9001366,1
0,0.06604198,0
0,0.9284866,1
0,0.60606146,1
1,0.95260096,1
0,0.29759312,1
0,0.95690596,1
1,0.9209653,1
0,0.5509706,1
0,0.07761946,0
0,0.75590765,1
1,0.9914181,1
0,0.3977474,1
0,0.92110497,1
0,0.9564268,1
0,0.9788086,1
0,0.030445969,0
0,0.07342627,0
0,0.9667771,1
0,0.75212544,1
0,0.92326456,1
1,0.9665841,1
0,0.44694126,1
0,0.32288054,1
0,0.95528316,1
0,0.91370714,1
0,0.746148,1
0,0.8435431,1
1,0.9355693,1
0,0.9043605,1
0,0.6198818,1
0,0.37180427,1
0,0.9637143,1
0,0.8673236,1
0,0.664789,1
0,0.1445424,0
0,0.8076619,1
0,0.8214353,1
0,0.34723014,1
0,0.89024115,1
1,0.9887068,1
0,0.93378896,1
0,0.27538082,1
0,0.96060324,1
0,0.2794335,1
0,0.52296495,1
0,0.94464785,1
0,0.9353049,1
0,0.7666326,1
0,0.9250486,1
0,0.844586,1
0,0.007153876,0
0,0.87056106,1
0,0.95915264,1
0,0.93430436,1
0,0.3289983,1
0,0.80638814,1
0,0.6825548,1
0,0.104670875,0
0,0.3049317,1
0,0.85174334,1
0,0.9368228,1
0,0.5587821,1
0,0.27649596,1
0,0.0046550306,0
0,0.96078664,1
1,0.9860532,1
1,0.93899685,1
0,0.080974355,0
0,0.9293417,1
0,0.91173744,1
0,0.7399831,1
0,0.9540374,1
0,0.08550926,0
1,0.86206555,1
0,0.829612,1
0,0.18379454,0
0,0.8864523,1
0,0.9068843,1
0,0.92185056,1
0,0.28341502,1
0,0.9074401,1
0,0.917648,1
0,0.86377865,1
0,0.7731143,1
0,0.36336184,1
0,0.8444768,1
0,0.9396575,1
0,0.8443834,1
0,0.32811627,1
0,0.91263187,1
0,0.5106833,1
0,0.03991488,0
0,0.9691116,1
0,0.71802753,1
0,0.7409947,1
0,0.92141074,1
1,0.9899393,1
0,0.9543963,1
0,0.95184696,1
0,0.94775605,1
0,0.19268556,0
1,0.93563396,1
0,0.06873793,0
1,0.85754263,1
0,0.33261767,1
0,0.15183367,0
0,0.94740444,1
0,0.7608963,1
0,0.96254283,1
0,0.88997304,1
0,0.9046425,1
0,0.76165324,1
0,0.78119415,1
0,0.9080019,1
0,0.25777227,1
0,0.95572376,1
0,0.0374556,0
0,0.97247666,1
0,0.9618245,1
0,0.973281,1
0,0.88202703,1
0,0.8691923,1
0,0.95696807,1
0,0.10532776,0
0,0.96644294,1
0,0.0036527645,0
0,0.77072304,1
0,0.97977054,1
0,0.96902376,1
0,0.826338,1
0,0.8578381,1
0,0.96619916,1
0,0.026540266,0
0,0.087708145,0
0,0.6253231,1
0,0.7674053,1
0,0.14942141,0
0,0.65934676,1
0,0.9646944,1
0,0.2565059,1
0,0.33101043,1
0,0.21171059,0
0,0.9724191,1
0,0.011594175,0
0,0.98174345,1
0,0.28085318,1
0,0.8970456,1
0,0.986429,1
0,0.80055976,1
1,0.9738482,1
0,0.6580527,1
0,0.9505018,1
0,0.33982855,1
0,0.85398626,1
0,0.9846112,1
0,0.91555154,1
0,0.8932205,1
0,0.9767171,1
0,0.881864,1
0,0.9834041,1
0,0.8865756,1
0,0.96607643,1
0,0.7681145,1
0,0.8660072,1
0,0.06747352,0
0,0.11014475,0
0,0.97987515,1
0,0.2270332,0
0,0.019647319,0
1,0.049178306,0
0,0.9427508,1
0,0.9408964,1
0,0.3483919,1
0,0.9836765,1
0,0.8902008,1
0,0.0958858,0
0,0.84516835,1
0,0.8865315,1
1,0.48697314,1
0,0.80049944,1
0,0.92507094,1
0,0.029372742,0
0,0.91415143,1
0,0.937073,1
1,0.98554313,1
0,0.6864108,1
0,0.9673003,1
0,0.94154716,1
1,0.67299825,1
0,0.85973763,1
0,0.60056794,1
0,0.19816285,0
0,0.48534825,1
0,0.19777742,0
0,0.75438946,1
0,0.95697147,1
0,0.937741,1
0,0.96373147,1
0,0.7657804,1
0,0.49556294,1
0,0.9631738,1
0,0.17228228,0
0,0.8555788,1
0,0.9356967,1
0,0.17036384,0
0,0.7976975,1
0,0.9928611,1
0,0.9169332,1
0,0.93032783,1
0,0.78571284,1
1,0.9631904,1
0,0.96203536,1
0,0.7714234,1
0,0.965063,1
0,0.052763786,0
0,0.55652297,1
0,0.077886514,0
0,0.6196021,1
0,0.8816673,1
0,0.97463596,1
0,0.73016125,1
0,0.09201885,0
0,0.95634514,1
0,0.8243985,1
0,0.081306346,0
0,0.95776254,1
0,0.9714533,1
0,0.101129755,0
0,0.08062085,0
0,0.6147823,1
0,0.6289662,1
0,0.987655,1
0,0.9528825,1
0,0.55926037,1
0,0.4786421,1
1,0.95997477,1
0,0.026678676,0
1,0.6293933,1
0,0.6685018,1
0,0.30199346,1
0,0.96205425,1
0,0.87595505,1
0,0.9390583,1
0,0.5631912,1
0,0.95612895,1
0,0.70931005,1
0,0.35502285,1
0,0.9299157,1
0,0.26219374,1
0,0.057676945,0
0,0.681694,1
0,0.3660579,1
0,0.38773298,1
1,0.9258141,1
0,0.97451913,1
0,0.72333896,1
1,0.9854702,1
0,0.40723786,1
0,0.87965876,1
0,0.92854786,1
0,0.8926308,1
0,0.8157168,1
1,0.9616698,1
0,0.8976829,1
0,0.77457136,1
0,0.87660676,1
0,0.5790375,1
0,0.89103246,1
0,0.87872154,1
0,0.665151,1
0,0.3672835,1
0,0.0091447625,0
0,0.06382379,0
0,0.9283987,1
0,0.8587701,1
0,0.28246668,1
0,0.13291913,0
0,0.06603256,0
0,0.64807254,1
0,0.71763104,1
0,0.9500385,1
0,0.06360913,0
0,0.9415218,1
0,0.5899584,1
0,0.2977637,1
1,0.9869746,1
1,0.9886989,1
0,0.9742692,1
0,0.7105145,1
0,0.6811946,1
0,0.35845456,1
1,0.9789586,1
0,0.97198695,1
0,0.93686754,1
0,0.966555,1
0,0.9073261,1
0,0.8397923,1
0,0.9240511,1
0,0.9695347,1
0,0.7514387,1
1,0.21451776,0
0,0.43323427,1
0,0.9396251,1
0,0.97062457,1
0,0.18292153,0
1,0.85839427,1
0,0.08969505,0
0,0.96191704,1
0,0.9665641,1
1,0.9340447,1
0,0.31744757,1
0,0.049256712,0
1,0.18455711,0
0,0.82865745,1
0,0.92328763,1
0,0.82048345,1
0,0.9744582,1
0,0.22395343,0
0,0.7282505,1
0,0.777294,1
0,0.096018784,0
0,0.9890115,1
0,0.15538211,0
0,0.4206163,1
0,0.8994825,1
0,0.41924456,1
0,0.01579739,0
0,0.0969526,0
0,0.94655234,1
0,0.97538656,1
0,0.9546955,1
0,0.03650043,0
0,0.36818683,1
0,0.9235469,1
0,0.9856161,1
1,0.96782815,1
0,0.93053406,1
0,0.93025017,1
0,0.42412674,1
1,0.62201977,1
0,0.09249523,0
0,0.9195494,1
0,0.56964654,1
0,0.88907564,1
0,0.7944408,1
0,0.25034776,1
0,0.021391455,0
0,0.96834284,1
0,0.07754767,0
0,0.9914,1
0,0.96901345,1
0,0.9717226,1
0,0.92203456,1
0,0.3077936,1
0,0.9582646,1
0,0.11410022,0
0,0.5736905,1
0,0.08874358,0
0,0.98857456,1
0,0.8088576,1
0,0.99224746,1
0,0.9132566,1
0,0.1179338,0
0,0.04936606,0
0,0.08053971,0
0,0.48178914,1
0,0.9858124,1
0,0.7615593,1
0,0.92757016,1
0,0.8358174,1
0,0.9085683,1
0,0.02400506,0
0,0.97739375,1
0,0.7810295,1
0,0.30726275,1
0,0.2953822,1
0,0.6335103,1
0,0.42586634,1
0,0.99001807,1
0,0.68373376,1
0,0.12762503,0
0,0.94522005,1
0,0.9902456,1
0,0.92717165,1
0,0.6615051,1
0,0.9872925,1
0,0.96313584,1
0,0.3934747,1
0,0.91743326,1
0,0.9605887,1
0,0.7818078,1
0,0.540525,1
0,0.935889,1
1,0.67969716,1
0,0.23923191,0
0,0.93182623,1
0,0.93192506,1
0,0.9640209,1
0,0.05301054,0
0,0.9478383,1
0,0.02840685,0
0,0.17331982,0
0,0.9522596,1
0,0.54189444,1
1,0.51380897,1
0,0.08014102,0
0,0.9878649,1
0,0.9246065,1
0,0.9086197,1
0,0.8613239,1
0,0.8591134,1
0,0.9762467,1
0,0.918854,1
0,0.900608,1
0,0.9198259,1
0,0.8755029,1
0,0.67709947,1
0,0.7925166,1
0,0.11748793,0
0,0.8596032,1
0,0.8236037,1
1,0.93756795,1
1,0.99616516,1
1,0.95572877,1
0,0.29385093,1
0,0.9794684,1
0,0.52289796,1
0,0.80456686,1
0,0.05166143,0
0,0.83461595,1
1,0.23371337,0
0,0.35873386,1
0,0.95217365,1
0,0.97437173,1
0,0.9399691,1
0,0.021898676,0
0,0.98989177,1
0,0.9338092,1
0,0.9523561,1
0,0.9194124,1
0,0.88156664,1
0,0.88324696,1
0,0.16092807,0
0,0.5056808,1
1,0.9546813,1
0,0.66910416,1
0,0.9946398,1
0,0.8752153,1
0,0.9260805,1
0,0.98606825,1
0,0.14650127,0
1,0.916744,1
0,0.07279848,0
0,0.87766474,1
0,0.76634336,1
0,0.931553,1
0,0.98439467,1
0,0.8051095,1
1,0.98397726,1
0,0.9619083,1
0,0.029956784,0
0,0.9604984,1
0,0.8789306,1
0,0.08392585,0
1,0.90711236,1
0,0.019374635,0
0,0.96814126,1
0,0.8993342,1
1,0.99307764,1
0,0.98146504,1
0,0.6218272,1
0,0.74608463,1
0,0.96601635,1
0,0.062117983,0
0,0.6937288,1
0,0.63957024,1
0,0.97978127,1
0,0.37634122,1
1,0.29196453,1
0,0.74667376,1
0,0.37050113,1
0,0.50288147,1
1,0.98972017,1
0,0.33509892,1
0,0.88247055,1
0,0.9197013,1
0,0.09522873,0
0,0.85200244,1
0,0.58367103,1
0,0.971333,1
0,0.8017247,1
0,0.88054156,1
0,0.3398553,1
0,0.92650914,1
0,0.5937062,1
0,0.8762991,1
0,0.08224977,0
0,0.3710592,1
0,0.2890383,1
0,0.13172004,0
0,0.8967788,1
0,0.6204479,1
0,0.64654803,1
0,0.6568231,1
0,0.9581019,1
0,0.9585992,1
0,0.098325916,0
0,0.15250443,0
0,0.8746155,1
0,0.7197523,1
0,0.5111325,1
0,0.38052756,1
0,0.04919223,0
0,0.54232,1
0,0.95314723,1
0,0.9016553,1
0,0.04972487,0
0,0.9374521,1
0,0.95860624,1
0,0.064658694,0
0,0.6259674,1
0,0.11384407,0
0,0.109220594,0
0,0.9037781,1
0,0.9391233,1
0,0.031119999,0
0,0.8473933,1
0,0.9640987,1
0,0.95805216,1
0,0.44852555,1
0,0.077384405,0
0,0.8190951,1
0,0.04948707,0
0,0.039943267,0
0,0.97720563,1
0,0.76200134,1
0,0.8676974,1
0,0.043002494,0
0,0.3032568,1
0,0.8019424,1
0,0.7647657,1
0,0.9343531,1
0,0.9571325,1
0,0.6164533,1
0,0.92454803,1
0,0.9483337,1
0,0.56770396,1
0,0.9107557,1
1,0.9844646,1
0,0.0013759723,0
0,0.9775654,1
0,0.010095665,0
0,0.9826497,1
0,0.84460145,1
0,0.046247683,0
0,0.08130043,0
1,0.66854966,1
0,0.10597609,0
